sample_id,group,subtype,cfdna_conc,immune_ratio
T1000,normal,eap3,9.493,0.1848
T1001,normal,eap2,13.914,0.3918
T1002,normal,eap3,7.54,0.3741
T1003,normal,eap2,10.625,0.3694
T1004,normal,eap2,17.478,0.4097
T1005,normal,eap2,8.254,0.3301
T1006,normal,eap3,11.342,0.4846
T1007,normal,eap2,23.676,0.4129
T1008,normal,eap2,22.131,0.4194
T1009,normal,eap2,6.181,0.3076
T1010,normal,eap3,8.801,0.4489
T1011,normal,eap3,14.153,0.316
T1012,normal,eap2,8.144,0.4176
T1013,normal,eap2,11.51,0.5781
T1014,normal,eap3,11.974,0.552
T1015,normal,eap2,9.907,0.1977
T1016,normal,eap3,25.294,0.6638
T1017,normal,eap2,11.522,0.4327
T1018,normal,eap3,19.738,0.1947
T1019,normal,eap3,16.218,0.3921
T1020,normal,eap3,22.111,0.2121
T1021,normal,eap3,7.687,0.3465
T1022,normal,eap3,11.292,0.2454
T1023,normal,eap2,10.47,0.2829
T1024,normal,eap2,17.931,0.3976
T1025,normal,eap2,6.648,0.3202
T1026,normal,eap3,5.094,0.2369
T1027,normal,eap3,11.75,0.3722
T1028,normal,eap3,10.232,0.3938
T1029,normal,eap3,17.587,0.3136
T1030,normal,eap2,16.041,0.4511
T1031,normal,eap2,12.268,0.1513
T1032,normal,eap2,31.23,0.4005
T1033,normal,eap2,11.518,0.4236
T1034,normal,eap3,26.133,0.2429
T1035,normal,eap3,6.381,0.2828
T1036,normal,eap2,12.68,0.21
T1037,normal,eap2,7.658,0.3241
T1038,normal,eap3,16.942,0.3457
T1039,normal,eap3,6.145,0.4308
T1040,normal,eap3,13.357,0.3968
T1041,normal,eap3,18.968,0.37
T1042,normal,eap3,30.139,0.3056
T1043,normal,eap3,11.14,0.1876
T1044,normal,eap3,18.277,0.4504
T1045,normal,eap2,8.15,0.226
T1046,normal,eap3,8.969,0.4434
T1047,normal,eap3,5.358,0.3892
T1048,normal,eap3,19.71,0.289
T1049,normal,eap3,16.631,0.2177
T1050,normal,eap3,13.787,0.249
T1051,normal,eap3,3.301,0.5175
T1052,normal,eap3,5.778,0.4927
T1053,normal,eap3,13.639,0.4756
T1054,normal,eap3,17.307,0.371
T1055,normal,eap3,10.946,0.3466
T1056,normal,eap3,5.425,0.1279
T1057,normal,eap2,5.976,0.4983
T1058,normal,eap2,8.639,0.2449
T1059,normal,eap3,9.883,0.4381
T1060,normal,eap3,18.082,0.4655
T1061,normal,eap2,18.128,0.5684
T1062,normal,eap2,14.538,0.6564
T1063,normal,eap2,12.386,0.2466
T1064,normal,eap3,12.443,0.3188
T1065,normal,eap2,13.954,0.178
T1066,normal,eap3,8.245,0.5206
T1067,normal,eap2,11.483,0.5299
T1068,normal,eap2,14.482,0.394
T1069,normal,eap2,7.445,0.5757
T1070,normal,eap3,7.082,0.5585
T1071,normal,eap3,17.616,0.3089
T1072,normal,eap3,5.503,0.2707
T1073,normal,eap2,8.823,0.3322
T1074,normal,eap2,9.517,0.2036
T1075,normal,eap3,7.565,0.3259
T1076,normal,eap2,8.161,0.4777
T1077,normal,eap3,9.774,0.3718
T1078,normal,eap2,10.854,0.4076
T1079,normal,eap2,7.678,0.2497
T1080,normal,eap2,15.517,0.3337
T1081,normal,eap2,14.1,0.5803
T1082,normal,eap3,11.909,0.4467
T1083,normal,eap3,8.337,0.2305
T1084,normal,eap2,27.713,0.3627
T1085,normal,eap3,7.606,0.1799
T1086,normal,eap2,7.313,0.4136
T1087,normal,eap2,11.984,0.1774
T1088,normal,eap3,15.972,0.3567
T1089,normal,eap2,7.888,0.3063
T1090,normal,eap3,13.967,0.298
T1091,normal,eap2,4.201,0.3836
T1092,normal,eap2,7.14,0.3879
T1093,normal,eap2,11.047,0.3158
T1094,normal,eap2,5.364,0.5555
T1095,normal,eap3,6.062,0.2753
T1096,normal,eap3,7.269,0.5236
T1097,normal,eap2,10.928,0.7449
T1098,normal,eap2,10.476,0.5107
T1099,normal,eap2,6.642,0.7081
T1100,normal,eap2,7.305,0.5215
T1101,normal,eap3,11.2,0.1498
T1102,normal,eap2,11.941,0.5607
T1103,normal,eap2,6.007,0.2266
T1104,normal,eap2,5.578,0.3454
T1105,normal,eap2,5.116,0.1833
T1106,normal,eap3,9.101,0.4161
T1107,normal,eap2,13.379,0.4233
T1108,normal,eap2,9.179,0.5324
T1109,normal,eap2,16.31,0.3381
T1110,normal,eap3,5.451,0.4511
T1111,normal,eap2,25.788,0.4295
T1112,normal,eap2,9.007,0.699
T1113,normal,eap2,11.375,0.3904
T1114,normal,eap3,7.114,0.4795
T1115,normal,eap2,8.551,0.4193
T1116,normal,eap2,13.424,0.2873
T1117,normal,eap3,24.019,0.3372
T1118,cancer,paad,16.746,0.1379
T1119,cancer,paad,16.448,0.1306
T1120,cancer,paad,42.317,0.1612
T1121,cancer,lihc,19.071,0.1213
T1122,cancer,paad,14.775,0.1315
T1123,cancer,lihc,31.865,0.15
T1124,cancer,paad,25.668,0.1493
T1125,cancer,paad,20.135,0.124
T1126,cancer,paad,22.753,0.1442
T1127,cancer,lihc,11.807,0.1327
T1128,cancer,lihc,18.392,0.1287
T1129,cancer,lihc,17.573,0.1235
T1130,cancer,lihc,6.14,0.1607
T1131,cancer,lihc,28.247,0.1451
T1132,cancer,lihc,22.658,0.1585
T1133,cancer,lihc,19.74,0.1144
T1134,cancer,paad,26.602,0.1589
T1135,cancer,paad,13.61,0.1364
T1136,cancer,lihc,21.067,0.1157
T1137,cancer,lihc,14.167,0.142
T1138,cancer,paad,26.25,0.1352
T1139,cancer,paad,17.249,0.116
T1140,cancer,lihc,21.675,0.1507
T1141,cancer,paad,19.967,0.1433
T1142,cancer,lihc,9.131,0.1564
T1143,cancer,paad,10.553,0.159
T1144,cancer,lihc,15.768,0.1403
