sample_id,label,entropy,frag_len_sd,frag_len_mean,depth
T2000,1,4.924526,33.301,34.409,1824
T2001,0,4.845186,30.761,61.567,1776
T2002,0,4.386837,19.451,40.838,1843
T2003,0,4.780112,28.823,59.201,1796
T2004,0,4.585594,23.728,45.683,1841
T2005,0,4.303795,17.901,37.081,1862
T2006,0,4.613768,24.406,51.551,1858
T2007,1,4.60285,24.141,22.906,1819
T2008,0,4.956733,34.391,66.07,1752
T2009,1,4.685347,26.217,28.629,1702
T2010,0,4.742246,27.752,53.763,1775
T2011,1,4.883361,31.958,31.43,1713
T2012,1,4.333894,18.448,20.018,1790
T2013,1,4.48457,21.448,21.446,1827
T2014,0,4.079897,14.31,28.775,1864
T2015,1,4.522179,22.27,23.551,1755
T2016,1,4.884487,31.994,33.783,1793
T2017,1,4.260528,17.143,16.832,1818
T2018,0,4.80343,29.503,55.891,1866
T2019,0,4.267909,17.27,33.028,1835
T2020,0,4.784612,28.953,55.159,1868
T2021,1,4.383025,19.377,19.408,1766
T2022,1,4.539716,22.664,21.182,1868
T2023,1,4.689685,26.331,28.212,1732
T2024,0,4.73766,27.625,53.855,1821
T2025,1,5.206781,44.161,41.832,1800
T2026,1,4.277934,17.444,17.51,1783
T2027,1,4.717402,27.071,27.324,1777
T2028,1,4.110724,14.758,14.493,1776
T2029,1,4.098658,14.581,14.5,1853
T2030,0,4.842321,30.673,62.908,1834
T2031,1,4.467168,21.078,22.047,1814
T2032,1,4.561408,23.161,24.146,1799
T2033,1,4.61106,24.34,26.107,1824
T2034,1,4.72278,27.217,27.035,1882
T2035,0,5.097035,39.571,79.394,1807
T2036,0,5.008219,36.208,72.15,1796
T2037,0,4.915658,33.007,59.675,1835
T2038,0,4.604837,24.189,48.387,1800
T2039,1,4.924856,33.312,31.129,1784
T2040,0,4.161132,15.521,31.635,1774
T2041,0,5.089934,39.291,77.597,1753
T2042,1,4.683476,26.168,25.742,1838
T2043,1,4.24838,16.936,17.148,1872
T2044,0,5.415339,54.402,110.102,1751
T2045,0,4.869021,31.503,64.76,1722
T2046,0,5.223822,44.92,86.584,1877
T2047,0,4.7642,28.368,57.155,1843
T2048,0,4.702778,26.678,52.365,1735
T2049,1,4.611265,24.345,24.749,1798
T2050,0,5.065484,38.342,77.464,1725
T2051,1,4.324035,18.267,19.2,1763
T2052,0,4.433051,20.371,39.713,1732
T2053,0,4.798061,29.345,56.369,1762
T2054,0,5.015017,36.455,71.96,1823
T2055,1,4.282453,17.523,17.12,1798
T2056,0,4.586184,23.742,49.936,1826
T2057,1,4.709055,26.846,26.806,1775
T2058,1,4.845316,30.765,31.782,1789
T2059,1,4.755882,28.133,28.631,1757
T2060,0,4.712662,26.943,54.985,1845
T2061,1,5.242021,45.745,46.265,1788
T2062,0,4.297294,17.785,36.481,1854
T2063,0,4.449603,20.711,41.081,1797
T2064,0,4.495006,21.673,40.723,1813
T2065,0,4.350452,18.756,39.429,1721
T2066,1,4.527508,22.389,20.759,1763
T2067,0,4.715997,27.033,57.846,1802
T2068,0,4.75282,28.047,56.292,1812
T2069,1,4.818935,29.964,32.435,1840
T2070,0,4.421944,20.146,40.989,1820
T2071,0,4.880196,31.857,65.313,1767
T2072,1,4.512433,22.054,23.29,1754
T2073,1,4.515827,22.129,23.757,1812
T2074,1,5.241781,45.734,43.32,1811
T2075,0,4.479709,21.344,43.971,1777
T2076,0,4.504831,21.887,42.059,1837
T2077,0,4.362482,18.983,34.471,1789
T2078,1,4.419758,20.102,20.86,1838
T2079,1,4.105425,14.68,16.092,1822
T2080,0,4.572614,23.422,48.574,1841
T2081,1,4.738745,27.655,28.15,1841
T2082,1,4.862493,31.298,30.633,1842
T2083,0,4.448637,20.691,44.78,1759
T2084,0,4.540687,22.686,43.906,1896
T2085,1,4.987569,35.468,34.918,1831
T2086,1,4.724176,27.255,26.14,1837
T2087,1,4.4675,21.085,21.455,1826
T2088,1,4.372546,19.175,19.11,1813
T2089,0,5.176878,42.86,85.181,1805
T2090,0,4.73407,27.526,55.99,1838
T2091,1,4.884549,31.996,32.81,1804
T2092,0,4.05871,14.01,27.403,1812
T2093,0,4.689685,26.331,54.448,1821
T2094,1,4.427982,20.268,20.352,1835
T2095,0,4.154863,15.424,30.878,1775
T2096,0,4.140168,15.199,30.506,1846
T2097,0,4.809951,29.696,61.811,1770
T2098,0,4.160359,15.509,33.174,1775
T2099,1,5.32619,49.762,49.36,1743
T2100,0,5.311452,49.034,98.12,1766
T2101,1,4.294817,17.741,17.263,1822
T2102,1,4.491493,21.597,21.274,1807
T2103,1,4.315127,18.105,17.869,1869
T2104,1,4.311419,18.038,19.08,1741
T2105,1,4.599323,24.056,24.497,1718
T2106,0,4.37463,19.215,37.468,1897
T2107,0,4.206785,16.246,31.333,1740
T2108,1,4.305525,17.932,19.233,1809
T2109,1,4.221693,16.49,15.56,1803
T2110,0,5.499674,59.189,115.946,1775
T2111,1,5.00703,36.165,35.726,1769
T2112,1,4.896973,32.396,32.666,1838
T2113,0,3.805773,10.879,21.464,1817
T2114,1,4.347729,18.705,19.601,1816
T2115,0,4.958825,34.463,65.373,1829
T2116,0,4.986808,35.441,69.494,1764
T2117,0,4.612989,24.387,49.384,1770
T2118,0,4.76786,28.472,59.833,1766
T2119,0,4.474401,21.231,42.767,1778
T2120,1,4.91229,32.896,33.056,1770
T2121,0,4.557168,23.063,47.138,1811
T2122,1,4.187582,15.937,15.965,1823
T2123,1,5.135603,41.127,40.4,1746
T2124,1,4.665935,25.713,26.699,1799
T2125,0,4.815023,29.847,55.475,1846
T2126,1,4.153436,15.402,15.354,1830
T2127,1,5.417286,54.508,57.6,1800
T2128,0,4.600569,24.086,49.641,1856
T2129,1,4.575641,23.493,25.52,1775
T2130,1,4.775104,28.679,28.473,1835
T2131,1,4.355823,18.857,18.78,1827
T2132,0,4.762154,28.31,55.751,1854
T2133,0,4.570135,23.364,43.581,1775
T2134,0,4.584709,23.707,46.316,1856
T2135,1,4.895182,32.338,34.021,1888
T2136,0,4.576109,23.504,49.079,1797
T2137,0,4.217926,16.428,34.693,1733
T2138,0,3.991016,13.093,27.153,1742
T2139,0,5.172575,42.676,82.195,1763
T2140,1,4.512433,22.054,23.046,1898
T2141,0,4.92908,33.453,65.844,1811
T2142,1,4.791908,29.165,28.724,1767
T2143,0,4.458783,20.902,40.839,1824
T2144,1,4.658048,25.511,24.759,1841
T2145,0,3.930649,12.326,24.396,1744
T2146,0,5.027231,36.903,71.945,1714
T2147,0,4.326823,18.318,37.43,1779
T2148,1,4.127255,15.004,15.806,1721
T2149,1,4.676881,25.996,26.101,1758
T2150,1,4.305023,17.923,18.701,1806
T2151,0,4.617448,24.496,50.395,1729
T2152,0,4.847362,30.828,64.454,1769
T2153,0,4.270107,17.308,37.321,1748
T2154,0,4.566018,23.268,45.817,1826
T2155,0,5.355225,51.228,101.887,1781
T2156,0,4.811465,29.741,62.375,1739
T2157,0,4.757232,28.171,60.176,1747
T2158,0,4.385396,19.423,38.699,1811
T2159,0,4.576449,23.512,44.618,1804
T2160,1,4.527285,22.384,20.099,1805
T2161,1,4.967406,34.76,34.5,1913
T2162,1,4.459596,20.919,22.826,1838
T2163,0,4.433787,20.386,39.607,1806
T2164,1,3.930325,12.322,11.14,1804
T2165,1,5.018905,36.597,36.95,1760
T2166,0,4.928721,33.441,67.233,1835
T2167,0,4.583949,23.689,46.357,1882
T2168,1,4.66317,25.642,26.614,1828
T2169,0,4.972399,34.934,71.13,1822
T2170,0,5.312981,49.109,91.473,1766
T2171,0,4.49754,21.728,43.561,1814
T2172,0,5.127057,40.777,81.58,1790
T2173,1,4.811196,29.733,28.281,1811
T2174,0,4.428179,20.272,42.0,1782
T2175,1,4.836436,30.493,31.436,1805
T2176,1,4.664885,25.686,24.767,1835
T2177,0,4.545173,22.788,46.182,1723
T2178,1,4.382096,19.359,20.436,1841
T2179,1,3.945866,12.515,11.138,1808
T2180,0,4.565502,23.256,48.222,1751
T2181,0,4.914082,32.955,63.508,1866
T2182,0,4.930156,33.489,72.796,1899
T2183,1,4.568078,23.316,23.33,1785
T2184,1,4.52648,22.366,24.296,1807
T2185,1,4.53192,22.488,20.61,1784
T2186,1,4.615814,24.456,22.416,1741
T2187,1,4.826747,30.199,30.577,1795
T2188,1,4.660124,25.564,27.104,1723
T2189,1,4.317058,18.14,20.324,1788
T2190,1,4.446024,20.637,18.647,1844
T2191,0,4.932869,33.58,66.921,1756
T2192,0,4.741742,27.738,62.47,1808
T2193,1,4.016727,13.434,13.259,1781
T2194,0,4.520021,22.222,41.429,1832
T2195,1,5.076018,38.748,36.792,1799
T2196,1,5.420894,54.705,55.078,1849
T2197,0,4.505471,21.901,41.429,1861
T2198,0,4.993052,35.663,69.791,1843
T2199,1,4.465411,21.041,22.437,1818
T2200,0,4.64069,25.072,47.897,1866
T2201,0,4.655104,25.436,51.499,1933
T2202,1,4.390327,19.519,20.631,1840
T2203,0,4.362114,18.976,38.753,1774
T2204,0,4.855181,31.07,58.696,1795
T2205,1,4.800171,29.407,31.666,1763
T2206,1,4.887795,32.1,33.677,1737
T2207,1,5.12637,40.749,41.103,1853
T2208,0,4.681602,26.119,50.933,1749
T2209,0,4.360003,18.936,38.345,1740
T2210,1,4.86051,31.236,31.557,1864
T2211,0,4.724065,27.252,55.684,1837
T2212,0,4.552344,22.952,46.447,1799
T2213,1,4.708496,26.831,27.143,1838
T2214,1,3.936958,12.404,12.711,1881
T2215,1,4.759536,28.236,30.425,1808
T2216,0,4.07408,14.227,28.294,1703
T2217,0,4.631192,24.835,49.405,1850
T2218,0,4.106514,14.696,28.877,1859
T2219,0,4.292221,17.695,33.363,1813
T2220,0,3.954855,12.628,25.01,1871
T2221,0,4.978392,35.144,68.55,1811
T2222,1,4.757799,28.187,28.047,1778
T2223,1,5.156941,42.014,44.042,1866
T2224,1,4.41572,20.021,19.99,1729
T2225,0,4.877902,31.784,63.901,1683
T2226,1,4.237038,16.745,18.101,1765
T2227,0,3.790956,10.719,21.804,1854
T2228,0,5.060674,38.158,76.419,1831
T2229,0,4.508935,21.977,42.761,1884
T2230,1,4.888791,32.132,31.548,1799
T2231,1,5.348978,50.909,52.904,1832
T2232,1,4.574704,23.471,23.631,1821
T2233,0,5.167006,42.439,83.072,1840
T2234,0,4.84908,30.881,58.934,1842
T2235,1,4.308143,17.979,18.397,1793
T2236,1,5.393767,53.241,50.846,1842
T2237,0,4.663404,25.648,50.45,1870
T2238,1,4.61225,24.369,24.352,1838
T2239,0,4.277934,17.444,36.423,1801
