sample_id,age_group,sex,tumor_frac,depth
T3000,80,F,0.09203,2411
T3001,70,M,0.0911,2417
T3002,80,M,0.11063,2347
T3003,40,F,0.05453,2366
T3004,30,F,0.04061,2385
T3005,60,M,0.071,2387
T3006,30,F,0.04095,2379
T3007,30,M,0.03941,2343
T3008,30,M,0.05171,2366
T3009,50,M,0.06331,2376
T3010,30,F,0.06126,2439
T3011,60,F,0.07177,2458
T3012,30,F,0.06469,2468
T3013,50,F,0.04418,2389
T3014,70,M,0.09444,2402
T3015,40,M,0.08122,2416
T3016,50,M,0.04175,2396
T3017,70,M,0.11181,2384
T3018,40,M,0.0572,2306
T3019,50,F,0.06491,2382
T3020,70,M,0.08908,2307
T3021,70,M,0.07076,2434
T3022,70,M,0.09986,2408
T3023,40,M,0.05447,2475
T3024,60,M,0.07731,2405
T3025,50,F,0.05013,2449
T3026,30,F,0.06287,2429
T3027,80,F,0.10257,2384
T3028,50,M,0.06155,2493
T3029,50,M,0.051,2359
T3030,60,F,0.0918,2454
T3031,40,M,0.07814,2431
T3032,40,M,0.03503,2401
T3033,30,F,0.06241,2462
T3034,40,M,0.05036,2358
T3035,80,M,0.11603,2375
T3036,40,M,0.05852,2473
T3037,40,M,0.06419,2344
T3038,30,M,0.04193,2398
T3039,70,M,0.0825,2362
T3040,70,M,0.09673,2425
T3041,40,M,0.06697,2445
T3042,30,F,0.04964,2467
T3043,60,F,0.07935,2329
T3044,40,M,0.0676,2338
T3045,70,F,0.08874,2359
T3046,80,F,0.09927,2444
T3047,40,M,0.04891,2433
T3048,80,F,0.121,2350
T3049,20,F,0.03932,2409
T3050,60,F,0.09331,2372
T3051,50,F,0.0662,2481
T3052,50,M,0.08106,2346
T3053,50,F,0.09836,2378
T3054,20,M,0.04699,2401
T3055,70,F,0.12968,2398
T3056,50,M,0.08884,2399
T3057,70,M,0.06523,2416
T3058,30,M,0.03153,2397
T3059,20,F,0.03233,2425
T3060,70,F,0.09414,2282
T3061,50,F,0.05007,2413
T3062,30,M,0.05431,2332
T3063,40,F,0.05181,2501
T3064,70,F,0.09717,2404
T3065,50,F,0.08771,2364
T3066,50,M,0.06695,2461
T3067,30,M,0.04554,2341
T3068,20,M,0.05989,2348
T3069,60,M,0.08016,2401
T3070,50,M,0.06391,2315
T3071,50,M,0.07268,2368
T3072,70,M,0.08778,2348
T3073,30,M,0.04423,2479
T3074,70,F,0.09851,2326
T3075,40,F,0.0561,2304
T3076,40,M,0.04204,2394
T3077,70,M,0.08294,2517
T3078,20,F,0.04587,2361
T3079,60,F,0.08378,2462
T3080,50,F,0.05443,2455
T3081,20,F,0.0468,2419
T3082,60,M,0.09118,2388
T3083,70,M,0.0887,2300
T3084,50,F,0.05843,2482
T3085,30,M,0.06111,2340
T3086,50,M,0.06188,2381
T3087,60,F,0.08906,2397
T3088,40,F,0.07138,2403
T3089,30,M,0.04666,2324
T3090,60,F,0.08258,2401
T3091,30,M,0.06582,2479
T3092,40,M,0.04579,2433
T3093,70,F,0.0855,2331
T3094,50,F,0.06938,2391
T3095,60,M,0.09207,2323
T3096,80,M,0.07427,2341
T3097,30,F,0.03371,2337
T3098,80,M,0.11851,2373
T3099,30,F,0.04754,2389
T3100,30,F,0.04506,2341
T3101,60,F,0.07668,2367
T3102,40,M,0.08407,2410
T3103,70,F,0.08881,2377
T3104,70,F,0.07024,2308
T3105,70,M,0.09864,2333
T3106,70,F,0.08938,2427
T3107,50,F,0.09574,2319
T3108,20,M,0.02916,2363
T3109,60,M,0.05094,2426
T3110,50,F,0.07039,2426
T3111,70,M,0.0961,2367
T3112,40,M,0.07869,2313
T3113,30,F,0.04673,2429
T3114,50,M,0.06737,2393
T3115,40,M,0.0491,2423
T3116,70,M,0.08404,2375
T3117,50,F,0.07091,2418
T3118,40,M,0.06424,2400
T3119,50,M,0.05468,2420
T3120,30,M,0.05248,2441
T3121,70,M,0.0779,2320
T3122,30,M,0.06797,2346
T3123,60,F,0.06356,2400
T3124,80,M,0.08173,2441
T3125,70,M,0.07001,2484
T3126,30,M,0.06439,2444
T3127,80,M,0.08642,2276
T3128,50,M,0.05977,2505
T3129,40,F,0.0668,2506
T3130,60,M,0.08913,2364
T3131,30,F,0.06688,2451
T3132,60,M,0.0868,2369
T3133,70,F,0.08301,2513
T3134,40,M,0.05919,2454
T3135,30,F,0.06525,2401
T3136,30,M,0.06855,2365
T3137,50,F,0.08845,2411
T3138,60,F,0.05343,2441
T3139,30,F,0.05317,2426
T3140,30,F,0.05457,2391
T3141,40,F,0.05648,2385
T3142,80,M,0.10806,2335
T3143,40,F,0.0551,2314
T3144,70,F,0.07772,2430
T3145,60,M,0.051,2406
T3146,40,M,0.05953,2434
T3147,70,M,0.0569,2380
T3148,30,M,0.04719,2369
T3149,50,F,0.06795,2446
T3150,50,M,0.08065,2393
T3151,30,F,0.03529,2403
T3152,50,M,0.07364,2384
T3153,70,F,0.08532,2404
T3154,40,M,0.08049,2487
T3155,60,F,0.08562,2436
T3156,30,F,0.05523,2438
T3157,50,M,0.06793,2356
T3158,30,F,0.06646,2389
T3159,40,M,0.04986,2403
T3160,70,F,0.08422,2357
T3161,40,F,0.05644,2465
T3162,40,M,0.0719,2360
T3163,60,F,0.07512,2360
T3164,60,F,0.04948,2419
T3165,60,F,0.07001,2416
T3166,40,F,0.07378,2310
T3167,40,F,0.0814,2361
T3168,50,F,0.07467,2342
T3169,40,M,0.05844,2381
T3170,80,F,0.0739,2370
T3171,60,M,0.08327,2378
T3172,40,F,0.05555,2437
T3173,40,F,0.04447,2400
T3174,40,F,0.07747,2366
T3175,70,M,0.09285,2420
T3176,30,F,0.0581,2412
T3177,30,M,0.0463,2355
T3178,70,M,0.0987,2459
T3179,60,M,0.09528,2373
T3180,80,F,0.07569,2439
T3181,30,F,0.04348,2427
T3182,60,F,0.07282,2478
T3183,60,F,0.09371,2433
T3184,80,F,0.0612,2413
T3185,30,F,0.05539,2400
T3186,50,F,0.0742,2411
T3187,30,M,0.05585,2423
T3188,20,F,0.04552,2392
T3189,40,F,0.07385,2319
T3190,60,M,0.09649,2325
T3191,60,F,0.09717,2366
T3192,80,F,0.11477,2354
T3193,30,M,0.04945,2290
T3194,50,F,0.06286,2421
T3195,50,F,0.06734,2384
T3196,40,M,0.07636,2471
T3197,50,M,0.06805,2353
T3198,30,M,0.05308,2365
T3199,20,M,0.05284,2437
T3200,70,F,0.10826,2435
T3201,50,F,0.05289,2409
T3202,30,M,0.02838,2365
T3203,40,M,0.06218,2328
T3204,80,M,0.09694,2353
T3205,60,M,0.0856,2421
T3206,30,M,0.05022,2473
T3207,30,M,0.04434,2369
T3208,70,M,0.09914,2304
T3209,60,F,0.08827,2445
T3210,60,F,0.07657,2468
T3211,40,M,0.06913,2392
T3212,50,F,0.06654,2403
T3213,60,M,0.08578,2335
T3214,50,F,0.07576,2499
T3215,60,F,0.06834,2369
T3216,60,F,0.07576,2406
T3217,30,F,0.0562,2380
T3218,40,M,0.06573,2394
T3219,70,F,0.09532,2412
T3220,70,F,0.10426,2455
T3221,60,M,0.06917,2323
T3222,80,M,0.07256,2386
T3223,50,F,0.07913,2351
T3224,70,F,0.07387,2396
T3225,60,M,0.07122,2390
T3226,30,F,0.04922,2397
T3227,60,F,0.05656,2381
T3228,50,F,0.0715,2399
T3229,50,M,0.06218,2305
T3230,70,F,0.09276,2471
T3231,80,M,0.10251,2475
T3232,40,M,0.06476,2323
T3233,70,M,0.09713,2463
T3234,50,F,0.07195,2315
T3235,30,M,0.05589,2436
T3236,40,M,0.04644,2434
T3237,50,F,0.08238,2393
T3238,70,M,0.0575,2464
T3239,40,F,0.0622,2387
T3240,60,F,0.09887,2375
T3241,40,F,0.04703,2439
T3242,40,M,0.05984,2518
T3243,30,M,0.06811,2349
T3244,40,F,0.02985,2365
T3245,40,M,0.04111,2463
T3246,40,M,0.05534,2397
T3247,70,M,0.07508,2377
T3248,60,M,0.07964,2368
T3249,40,F,0.06904,2402
T3250,40,M,0.0688,2402
T3251,50,M,0.07296,2351
T3252,50,F,0.06488,2394
T3253,30,M,0.05282,2336
T3254,60,M,0.07433,2406
T3255,70,M,0.08163,2377
T3256,70,M,0.09295,2445
T3257,70,M,0.06523,2436
T3258,70,F,0.07595,2370
T3259,40,M,0.07415,2447
T3260,30,F,0.05893,2375
T3261,40,F,0.04895,2468
T3262,30,F,0.05022,2354
T3263,70,F,0.10958,2327
T3264,80,F,0.10205,2343
T3265,70,M,0.09515,2474
T3266,70,F,0.11061,2441
T3267,30,F,0.03736,2380
T3268,60,F,0.06247,2363
T3269,80,F,0.09475,2443
T3270,60,M,0.07524,2480
T3271,40,M,0.06079,2336
T3272,50,F,0.04736,2427
T3273,30,F,0.05634,2426
T3274,30,F,0.03926,2339
T3275,30,F,0.0328,2418
T3276,30,M,0.0264,2372
T3277,30,F,0.03416,2342
T3278,50,F,0.06976,2388
T3279,70,M,0.09439,2353
T3280,60,F,0.11591,2451
T3281,30,F,0.05537,2371
T3282,30,M,0.05139,2469
T3283,20,M,0.05172,2387
T3284,70,F,0.1023,2429
T3285,50,F,0.07579,2394
T3286,60,F,0.09273,2408
T3287,50,F,0.05721,2435
T3288,40,F,0.05438,2387
T3289,60,M,0.08291,2396
T3290,70,M,0.11262,2434
T3291,50,M,0.05738,2326
T3292,50,F,0.06914,2432
T3293,60,M,0.06979,2454
T3294,70,M,0.07495,2424
T3295,40,M,0.03897,2391
T3296,40,F,0.07369,2396
T3297,30,F,0.05554,2385
T3298,20,F,0.04664,2472
T3299,40,M,0.08713,2369
