sample_id,arm,age_years,panel_x,panel_y,panel_z,sparse_col,zero_filled,complete_col
S0000,control,35.3,8.896,14.488,31.68,,0.0,4.01
S0001,case,66.6,10.86,18.594,34.484,0.834,0.0,5.697
S0002,control,43.1,13.112,20.869,26.31,,0.0,6.149
S0003,control,68.6,12.228,23.059,25.647,,,5.263
S0004,control,54.9,,,,,0.0,4.513
S0005,control,64.1,9.676,20.151,44.117,,0.0,5.778
S0006,case,65.2,5.685,20.574,24.902,-0.102,9.527,5.315
S0007,case,70.0,8.468,14.981,24.005,-0.346,0.0,4.792
S0008,control,70.1,9.231,18.861,33.261,,1.523,4.948
S0009,control,,10.657,21.139,31.552,-0.867,0.0,6.308
S0010,case,47.6,11.698,25.044,32.096,0.113,3.922,5.334
S0011,case,60.6,7.594,17.725,27.897,,0.0,7.172
S0012,control,58.0,,,,-2.058,0.0,6.297
S0013,case,70.6,12.395,24.057,35.444,-0.791,3.187,8.078
S0014,case,62.5,8.948,18.543,36.863,0.819,0.0,3.827
S0015,case,72.6,,,,,0.0,5.176
S0016,control,45.1,,,,,3.38,5.541
S0017,control,61.9,11.067,18.172,38.386,,0.0,4.145
S0018,case,92.2,6.849,20.203,36.237,,1.434,4.06
S0019,control,48.4,9.854,20.727,27.067,0.5,0.0,3.917
S0020,case,72.9,9.69,16.124,23.795,1.722,4.081,5.915
S0021,control,40.7,10.148,22.748,21.575,0.13,7.724,3.426
S0022,control,55.5,11.17,12.39,44.064,2.199,0.0,3.979
S0023,case,81.9,,,,0.32,0.0,5.256
S0024,control,,,,,-0.067,0.52,6.078
S0025,control,62.3,9.347,19.103,28.769,,2.796,5.405
S0026,control,63.1,,,,,,5.49
S0027,control,52.7,10.294,15.443,32.44,,1.505,5.539
S0028,control,55.2,12.559,22.046,41.417,,0.0,4.078
S0029,case,42.1,8.345,21.134,31.401,,2.811,5.605
S0030,control,56.4,13.292,19.656,17.703,0.132,0.0,5.047
S0031,case,62.0,12.698,21.887,39.748,-1.132,0.727,3.541
S0032,control,62.0,,,,-1.182,0.0,6.44
S0033,case,69.6,8.204,21.249,34.584,0.297,0.0,4.585
S0034,control,58.8,9.058,12.227,27.89,-1.011,0.0,3.259
S0035,control,79.3,7.63,23.327,35.201,0.87,0.0,4.116
S0036,case,54.6,10.249,7.291,32.371,-0.843,0.0,4.796
S0037,control,68.9,10.485,17.211,24.64,0.093,0.0,3.755
S0038,case,67.5,11.169,20.379,20.223,,0.0,5.493
S0039,control,64.1,8.519,25.944,20.809,-1.259,2.306,7.438
S0040,control,57.3,8.034,23.021,13.753,,0.0,5.817
S0041,control,65.7,11.031,13.947,28.608,,1.974,4.758
S0042,case,72.0,6.403,21.145,33.79,1.049,,5.321
S0043,case,62.1,9.543,23.531,28.852,0.538,0.0,4.49
S0044,case,66.9,,,,-0.421,,3.67
S0045,case,49.5,9.139,24.233,34.169,,3.834,5.684
S0046,control,,,,,,,5.671
S0047,control,43.8,9.519,26.083,39.594,-0.817,,5.612
S0048,control,71.0,13.909,17.783,38.277,,0.0,6.699
S0049,case,64.5,,,,,0.0,5.955
S0050,case,,9.315,24.208,40.923,,0.0,3.08
S0051,control,54.9,7.52,23.368,41.997,,6.894,4.386
S0052,case,60.7,8.477,15.596,40.566,-0.306,4.229,5.794
S0053,control,54.0,8.789,18.62,30.112,,0.0,5.937
S0054,control,,11.412,18.552,42.552,,2.851,5.46
S0055,control,73.9,10.739,23.748,31.095,0.289,6.184,4.334
S0056,case,65.0,,,,1.163,0.0,6.614
S0057,control,48.5,9.266,18.007,27.755,-1.755,7.026,3.258
S0058,case,80.1,8.951,21.752,26.489,,21.389,5.468
S0059,case,50.9,13.923,23.023,35.929,,12.613,5.963
S0060,control,56.9,,,,,0.0,6.26
S0061,case,73.3,11.522,25.62,37.717,,11.299,6.954
S0062,case,69.8,8.261,19.393,34.096,,,5.049
S0063,control,59.0,8.613,15.335,40.724,0.857,4.197,4.538
S0064,control,,10.689,18.406,33.979,0.634,3.16,5.107
S0065,control,63.5,11.195,21.13,22.207,,0.0,2.776
S0066,control,54.3,12.08,16.687,32.77,,6.845,3.943
S0067,case,76.7,9.498,8.772,36.648,,0.0,8.389
S0068,control,67.3,10.459,17.772,22.366,,0.0,4.292
S0069,case,56.4,10.331,20.482,37.124,,0.0,4.109
S0070,control,66.0,,,,,5.993,3.244
S0071,case,63.2,7.478,17.213,32.611,0.924,6.362,4.897
S0072,control,47.3,,,,0.391,,5.559
S0073,case,61.9,8.994,20.144,38.239,1.062,5.817,4.821
S0074,control,49.8,11.405,29.035,34.556,1.205,,4.091
S0075,control,63.5,5.693,15.772,34.589,,0.0,5.091
S0076,control,52.7,7.327,23.012,28.984,-0.459,0.0,5.009
S0077,case,80.9,,,,-1.173,0.0,5.332
S0078,control,54.2,9.534,18.046,24.971,,0.0,3.458
S0079,case,62.0,8.41,23.594,31.407,-1.077,,5.247
S0080,case,35.4,11.003,21.199,28.715,-1.823,4.597,4.43
S0081,case,59.7,12.618,16.894,32.808,-1.236,0.0,4.667
S0082,control,45.5,8.339,19.42,33.194,0.429,7.173,4.719
S0083,case,61.7,13.157,17.316,24.874,-0.191,0.0,5.112
S0084,control,67.7,8.48,30.278,25.756,,0.0,5.55
S0085,control,61.2,9.45,22.571,33.835,,0.0,5.324
S0086,control,59.9,10.857,23.886,26.998,,7.329,5.845
S0087,control,65.4,8.989,20.177,28.444,0.682,6.9,4.975
S0088,control,,,,,-0.062,9.543,5.046
S0089,case,53.8,,,,,0.0,4.477
S0090,control,59.9,12.274,25.864,32.221,0.377,,4.299
S0091,control,60.1,7.969,19.028,25.097,0.414,0.0,4.834
S0092,control,70.8,,,,0.096,0.0,5.345
S0093,control,63.1,11.808,24.033,30.57,0.41,0.0,4.616
S0094,case,53.6,,,,,0.0,4.737
S0095,control,42.9,11.404,25.912,43.026,-1.041,0.0,3.473
S0096,case,57.8,10.97,16.982,22.935,,,4.745
S0097,control,46.9,12.002,13.984,21.379,,4.553,5.215
S0098,case,76.3,8.992,23.785,24.115,-0.253,1.749,5.853
S0099,control,57.6,10.365,28.915,26.068,-0.254,0.0,4.401
S0100,control,48.3,9.433,25.583,29.259,-0.909,4.518,4.535
S0101,case,,10.003,15.641,38.381,,0.0,5.592
S0102,control,57.3,9.487,17.692,29.57,,,5.319
S0103,control,70.9,13.658,20.824,31.922,,0.244,5.935
S0104,case,42.9,7.998,22.547,39.592,0.881,0.0,4.963
S0105,case,64.9,9.878,9.455,26.932,,0.874,3.595
S0106,control,62.4,9.077,19.763,32.958,-1.206,5.535,4.656
S0107,case,58.4,,,,1.86,0.0,5.42
S0108,control,59.3,8.972,21.36,25.665,0.351,0.815,4.033
S0109,control,55.0,,,,-0.366,11.0,4.615
S0110,control,57.5,8.318,22.543,28.434,1.389,0.0,5.94
S0111,case,75.1,11.513,17.998,38.772,-1.099,13.608,4.9
S0112,case,53.9,14.088,22.103,27.714,,0.0,2.568
S0113,control,52.8,13.324,24.758,27.382,2.938,15.68,4.988
S0114,case,45.2,,,,0.512,0.0,4.74
S0115,case,66.9,11.332,25.744,29.941,-0.547,0.0,4.199
S0116,control,59.8,8.34,18.805,21.093,-1.218,1.384,4.64
S0117,case,48.0,11.485,23.603,32.132,0.295,0.0,4.678
S0118,control,41.9,9.535,20.269,31.105,-1.256,0.0,6.217
S0119,control,63.6,4.903,16.762,30.958,,1.204,5.886
S0120,control,70.8,10.405,23.52,37.766,-0.199,,3.539
S0121,case,63.7,8.954,19.488,28.464,,0.0,4.856
S0122,case,,13.754,19.102,35.819,-1.918,2.71,4.451
S0123,control,67.9,9.358,22.151,24.688,0.725,0.0,2.767
S0124,case,58.9,5.113,19.436,19.352,,0.0,6.784
S0125,control,57.7,,,,0.442,0.0,6.262
S0126,case,71.5,11.824,20.982,24.778,,2.281,5.553
S0127,control,52.3,9.142,23.673,17.761,,0.0,5.586
S0128,control,60.8,7.677,21.146,21.236,,0.0,4.383
S0129,case,72.2,8.633,20.0,29.227,1.562,5.394,5.901
S0130,case,54.6,8.665,22.854,53.322,,,5.844
S0131,control,73.4,10.899,17.535,39.6,-0.141,0.0,4.529
S0132,case,53.4,9.874,25.468,35.428,-0.86,7.626,4.25
S0133,case,59.9,12.085,18.655,34.102,-0.055,,5.765
S0134,control,67.1,,,,-1.002,0.0,6.23
S0135,control,50.7,,,,,0.0,4.74
S0136,case,69.1,14.346,26.844,24.516,,6.459,5.098
S0137,case,70.3,11.283,17.402,24.003,0.84,0.0,3.686
S0138,case,64.0,6.363,23.034,25.148,0.477,4.624,5.468
S0139,case,54.0,10.795,19.4,34.424,,5.0,4.203
S0140,case,63.8,,,,,12.457,4.564
S0141,control,55.6,12.147,23.124,26.915,,0.0,3.056
S0142,control,78.1,11.505,20.095,25.359,,0.0,5.372
S0143,control,67.4,7.124,19.369,33.609,,5.199,3.756
S0144,case,64.3,13.864,24.409,27.643,,0.0,5.286
S0145,case,60.3,,,,0.853,0.0,4.516
S0146,control,61.3,8.776,21.409,22.907,,7.653,5.107
S0147,control,54.6,5.671,18.349,33.831,,0.0,4.552
S0148,control,68.1,14.599,25.432,31.03,1.285,0.0,2.345
S0149,control,53.3,9.946,28.248,31.386,-0.147,0.0,5.207
S0150,case,74.7,9.205,23.934,21.891,,5.74,6.81
S0151,control,57.8,9.74,15.06,38.563,,,2.617
S0152,case,52.0,7.385,19.64,28.883,,7.798,5.211
S0153,case,65.5,7.549,22.469,29.276,,0.0,5.776
S0154,case,54.9,,,,2.245,2.494,4.92
S0155,case,,,,,,0.0,6.647
S0156,control,43.5,8.145,28.393,33.5,1.28,0.0,5.51
S0157,control,48.2,11.295,27.907,25.29,,12.24,2.3
S0158,control,70.0,9.234,13.289,22.763,,3.615,7.351
S0159,case,63.4,9.231,22.873,24.566,0.475,1.571,4.305
S0160,case,71.6,10.473,17.559,36.488,,0.0,5.14
S0161,case,60.0,11.256,18.883,36.397,-0.342,0.0,3.168
S0162,control,53.6,9.018,16.746,21.668,,2.31,3.957
S0163,control,32.2,7.997,26.719,30.328,1.323,0.0,5.033
S0164,case,73.4,10.108,20.08,33.141,0.05,0.0,5.625
S0165,control,52.1,13.988,25.163,15.877,,,4.05
S0166,case,59.0,12.942,26.804,28.225,-1.415,0.0,4.99
S0167,control,47.5,10.369,15.986,26.489,,0.0,4.808
S0168,control,63.3,7.983,26.454,35.268,,8.198,6.194
S0169,control,58.6,8.161,11.488,38.31,,0.0,7.22
S0170,control,55.9,,,,1.11,0.0,5.316
S0171,control,58.3,12.489,15.998,36.739,,0.0,5.966
S0172,case,52.2,,,,0.527,0.0,4.848
S0173,control,52.0,7.637,23.406,27.763,0.145,0.0,3.685
S0174,case,78.1,9.045,14.856,35.21,,0.0,5.435
S0175,control,50.8,6.555,16.519,30.966,,13.135,6.707
S0176,control,62.5,12.287,14.787,29.712,-1.713,5.832,6.491
S0177,case,69.4,10.97,20.904,17.8,,0.0,5.306
S0178,case,63.1,,,,-0.196,0.0,5.073
S0179,case,69.9,,,,0.144,12.391,7.038
S0180,case,61.6,,,,-0.434,0.0,4.094
S0181,case,,9.842,19.967,30.619,,0.0,5.198
S0182,control,70.9,11.137,16.609,25.554,1.059,0.0,5.063
S0183,control,57.9,14.955,22.385,30.31,-0.498,0.0,5.893
S0184,control,67.1,9.395,21.703,41.395,-0.339,0.0,6.009
S0185,case,71.8,8.79,25.035,25.692,,2.784,4.15
S0186,control,77.5,10.487,19.105,20.775,1.26,0.0,4.902
S0187,case,60.5,12.228,23.853,20.667,,0.0,5.96
S0188,case,56.0,9.176,33.797,29.162,0.447,0.0,4.118
S0189,case,63.9,9.771,19.253,23.527,,7.359,3.842
S0190,control,59.3,8.969,19.809,37.939,-2.106,7.489,4.087
S0191,control,51.9,10.87,20.911,20.922,,0.0,5.696
S0192,control,49.9,11.477,14.943,28.187,-0.754,0.0,3.086
S0193,case,76.3,9.697,19.824,26.163,,0.0,6.3
S0194,case,57.7,5.666,18.692,24.002,,,5.368
S0195,case,,,,,,11.964,4.845
S0196,control,65.3,8.93,17.736,20.396,0.397,0.0,4.275
S0197,control,51.7,,,,-0.737,0.0,5.54
S0198,case,68.2,10.681,20.18,31.523,,0.0,3.65
S0199,control,72.4,11.016,21.318,30.548,,0.0,5.108
S0200,control,73.0,,,,,8.891,5.903
S0201,case,52.1,9.521,18.164,24.779,,0.0,4.193
S0202,case,52.5,,,,0.368,0.0,5.397
S0203,control,55.4,4.857,19.138,23.024,,0.0,5.299
S0204,control,79.0,12.471,18.439,33.148,,0.0,4.635
S0205,case,60.5,12.402,17.66,32.29,1.592,,3.791
S0206,control,57.8,8.382,10.005,32.852,,4.816,5.299
S0207,control,82.3,13.835,15.174,32.336,,5.892,5.72
S0208,control,62.2,9.907,15.031,27.192,-0.57,,6.352
S0209,control,59.2,,,,-0.983,2.539,4.361
S0210,control,64.0,13.994,22.788,24.789,-0.43,4.004,4.544
S0211,case,68.1,13.372,16.166,39.38,0.213,0.0,4.206
S0212,control,46.9,9.146,27.855,29.261,-0.179,0.0,4.363
S0213,case,65.9,8.713,19.427,35.835,,2.574,5.29
S0214,case,49.6,,,,0.491,0.0,4.929
S0215,control,56.1,8.565,19.234,38.206,,0.0,4.997
S0216,control,60.6,,,,,0.0,4.783
S0217,control,56.2,10.948,19.188,40.926,-0.042,0.0,4.384
S0218,case,61.0,,,,,0.0,4.227
S0219,case,42.9,8.507,17.427,37.002,1.551,0.0,5.588
S0220,control,47.9,8.859,19.823,37.239,-1.39,0.0,4.823
S0221,case,54.3,8.177,24.748,33.384,0.769,16.89,4.856
S0222,control,61.0,5.731,18.107,23.689,,0.0,4.493
S0223,case,61.4,13.025,27.332,26.929,,5.019,5.437
S0224,case,51.8,9.09,11.269,28.564,,0.0,4.714
S0225,case,43.3,14.165,21.852,30.48,0.148,0.0,4.434
S0226,control,66.7,9.455,22.491,31.117,2.171,,4.885
S0227,case,62.1,10.352,15.442,28.783,,2.021,5.385
S0228,control,70.2,9.268,19.529,26.25,0.561,4.275,8.246
S0229,control,67.0,10.621,22.771,30.079,1.101,7.468,4.771
S0230,case,48.9,13.534,25.178,30.576,0.182,12.009,4.698
S0231,control,,,,,0.877,0.0,5.014
S0232,case,48.2,9.255,24.364,17.735,,10.41,5.393
S0233,control,55.0,11.153,19.615,36.001,,,4.015
S0234,control,58.3,12.589,25.642,29.834,,0.0,5.555
S0235,case,52.5,13.523,15.839,25.796,1.68,0.995,4.772
S0236,case,35.9,9.808,19.216,35.459,-1.345,0.0,6.598
S0237,control,54.6,10.629,14.186,36.692,,0.0,6.477
S0238,case,67.8,8.632,13.027,41.955,-1.076,0.0,4.565
S0239,control,68.5,11.62,15.898,42.362,,0.0,7.002
S0240,case,53.6,9.704,20.445,22.341,,3.873,4.694
S0241,control,44.0,,,,-0.128,4.664,5.122
S0242,case,55.5,12.488,25.341,24.992,1.219,0.0,6.557
S0243,control,42.4,11.396,13.839,20.832,,0.0,5.773
S0244,control,65.3,5.697,21.303,37.035,,0.0,4.744
S0245,case,64.7,11.8,19.475,22.232,0.201,0.0,5.985
S0246,control,56.1,9.608,24.771,35.79,-0.609,0.0,5.925
S0247,control,37.0,8.623,16.298,25.977,-0.275,,4.027
S0248,control,70.6,,,,,0.0,6.175
S0249,case,72.5,11.8,14.646,36.121,-0.13,4.478,5.18
S0250,case,57.3,9.076,12.577,33.768,,3.208,4.509
S0251,control,63.6,8.414,24.588,28.294,,0.0,3.808
S0252,control,52.8,12.568,16.524,26.554,0.417,0.0,6.756
S0253,case,51.5,10.777,22.832,23.885,1.324,8.051,5.051
S0254,case,68.1,8.913,16.321,31.499,-0.135,0.0,5.072
S0255,case,55.3,11.395,25.38,28.648,,0.0,4.476
S0256,case,78.0,14.677,16.248,25.852,,4.167,5.236
S0257,control,75.7,9.509,15.427,33.445,,0.0,3.602
S0258,case,64.9,10.204,26.667,27.18,,0.0,4.166
S0259,case,58.9,8.929,25.314,28.88,,0.0,3.126
S0260,case,69.4,11.825,27.639,30.123,,9.237,5.285
S0261,case,64.7,11.54,26.229,33.163,-1.473,10.91,4.788
S0262,case,76.2,,,,-0.506,0.0,3.123
S0263,case,68.2,,,,-0.044,16.636,5.743
S0264,case,61.3,,,,0.528,4.549,3.358
S0265,case,,7.328,28.989,32.44,0.446,0.0,5.186
S0266,case,71.7,13.117,11.611,34.197,,2.126,5.777
S0267,control,70.2,8.813,21.24,34.682,,6.682,5.562
S0268,case,49.2,12.244,15.515,30.922,,0.0,5.102
S0269,case,64.9,9.754,21.827,24.306,,0.0,4.875
S0270,case,46.3,9.987,11.188,28.097,-0.176,0.0,5.356
S0271,case,47.4,10.952,13.351,29.197,0.136,0.0,5.763
S0272,case,61.3,10.929,16.681,25.387,,0.0,4.632
S0273,case,56.2,12.373,18.896,35.254,-0.38,0.0,5.669
S0274,case,47.4,11.009,20.972,37.057,0.896,0.0,6.241
S0275,case,79.4,9.583,21.937,31.15,-0.031,3.058,4.24
S0276,case,66.2,8.002,19.709,29.268,-0.296,0.0,4.191
S0277,case,56.4,12.26,10.703,35.599,-2.369,7.706,5.644
S0278,case,,12.39,18.406,33.543,-1.066,8.246,5.479
S0279,case,77.7,10.288,8.782,21.003,,12.309,4.371
S0280,control,69.1,,,,,0.0,3.867
S0281,control,70.5,11.217,21.799,31.745,-0.553,0.447,3.291
S0282,control,58.1,10.179,15.347,28.375,0.205,0.0,5.865
S0283,case,61.5,10.027,20.845,27.609,,0.0,3.553
S0284,control,66.7,10.847,22.959,28.844,,1.419,4.417
S0285,case,66.8,9.094,18.279,23.972,0.413,0.0,4.072
S0286,case,67.6,6.905,21.045,32.004,0.914,,4.697
S0287,control,54.8,10.677,18.627,35.355,,6.99,1.747
S0288,control,65.7,8.709,25.727,20.217,0.325,7.625,5.476
S0289,case,50.4,10.362,17.495,36.539,,0.0,5.29
S0290,case,57.2,11.036,23.992,11.818,,0.0,5.446
S0291,case,59.6,9.449,25.591,27.036,0.054,0.0,4.044
S0292,case,,,,,,6.25,3.731
S0293,case,59.9,6.892,18.676,30.124,-1.311,0.0,5.934
S0294,control,49.0,7.488,20.953,30.53,0.021,0.0,6.27
S0295,control,64.5,,,,-0.14,0.0,3.594
S0296,control,71.6,8.098,16.916,32.947,1.126,0.0,5.185
S0297,case,54.1,11.79,16.953,26.581,0.074,0.0,2.675
S0298,control,55.9,7.892,25.046,36.204,-1.324,5.479,6.877
S0299,control,42.9,6.238,17.742,27.556,0.76,13.755,4.952
S0300,case,59.3,,,,0.101,0.0,5.393
S0301,control,55.8,7.501,18.251,28.126,,0.0,5.16
S0302,control,43.7,12.1,14.724,28.751,0.652,,6.289
S0303,control,,8.084,21.975,28.439,,0.0,4.029
S0304,control,76.2,12.278,18.626,31.919,-0.491,0.0,4.964
S0305,control,50.6,,,,-0.842,0.0,6.496
S0306,case,62.5,,,,1.702,0.793,5.42
S0307,control,73.9,10.612,14.871,40.425,0.565,0.0,5.124
S0308,control,67.6,10.605,15.363,28.312,0.32,6.661,4.445
S0309,control,,,,,,2.077,6.359
S0310,case,74.2,8.44,18.181,18.316,-2.021,0.0,5.278
S0311,control,51.0,8.058,16.227,24.439,,0.0,5.77
S0312,control,56.9,,,,,4.53,6.033
S0313,control,,7.622,19.154,17.952,0.205,0.0,4.78
S0314,control,60.2,,,,,7.518,5.699
S0315,case,52.4,10.006,26.296,34.918,,0.0,5.302
S0316,case,40.5,5.266,17.172,35.712,,0.0,4.371
S0317,case,69.0,,,,0.172,5.879,3.95
S0318,case,49.3,12.179,17.765,28.457,-1.09,0.0,5.078
S0319,case,60.9,9.804,30.631,29.911,,0.0,4.069
S0320,control,80.2,10.178,16.134,30.615,,0.0,6.032
S0321,case,,12.23,21.969,32.482,,10.593,5.147
S0322,case,60.6,11.225,14.776,22.258,-1.308,16.561,6.422
S0323,case,45.0,8.94,19.499,35.717,,0.0,5.089
S0324,control,54.1,8.31,17.524,28.11,-1.334,4.548,6.103
S0325,case,54.4,11.409,23.135,33.237,,6.711,5.839
S0326,case,53.9,8.15,26.815,22.146,,0.0,5.276
S0327,control,67.3,,,,-0.972,0.0,4.227
S0328,control,,9.702,24.715,36.581,-1.932,0.0,4.797
S0329,case,62.9,11.26,22.975,37.027,0.929,0.0,4.371
S0330,control,76.7,12.084,20.162,28.992,0.01,0.0,4.848
S0331,control,62.6,9.627,18.482,22.604,-0.128,3.924,5.61
S0332,case,58.7,,,,-0.922,0.0,5.397
S0333,case,43.8,9.969,19.422,31.98,2.099,0.0,5.487
S0334,case,59.9,11.16,13.228,35.564,0.284,0.0,6.576
S0335,case,52.0,,,,0.168,4.421,4.102
S0336,case,66.5,12.123,25.208,29.764,1.991,1.95,3.963
S0337,control,61.9,,,,,0.0,5.489
S0338,case,59.1,10.731,18.538,36.018,0.319,11.519,4.548
S0339,control,76.3,10.469,19.03,30.808,,,6.2
S0340,case,60.5,8.923,19.527,39.267,,2.59,5.646
S0341,case,65.0,11.733,23.652,34.277,-0.383,0.0,5.73
S0342,case,60.0,11.783,22.001,25.0,1.474,0.0,5.619
S0343,control,53.8,11.236,19.858,31.935,-0.402,0.0,6.094
S0344,case,67.7,9.286,24.806,30.451,-0.26,9.261,3.567
S0345,case,,8.94,24.287,28.854,,5.476,5.605
S0346,control,60.6,8.973,16.085,32.321,,0.0,3.88
S0347,control,62.5,7.301,20.663,24.395,,0.0,5.051
S0348,case,66.6,8.836,18.576,28.161,-0.098,0.0,4.77
S0349,case,56.6,11.126,23.122,32.365,,3.958,5.003
S0350,case,49.1,9.264,19.592,27.364,-0.876,4.062,4.926
S0351,control,66.8,11.472,18.401,33.405,,,4.852
S0352,control,52.3,,,,,11.955,4.876
S0353,control,63.8,8.834,21.516,32.737,-0.43,0.0,4.708
S0354,control,61.7,13.654,22.377,41.121,1.184,0.0,5.952
S0355,control,59.0,12.345,16.592,29.496,0.316,,3.768
S0356,control,64.1,9.578,19.395,28.805,-0.044,0.0,4.914
S0357,case,63.5,9.401,18.773,40.075,1.29,5.411,6.615
S0358,case,64.0,8.953,14.833,27.434,-1.125,0.0,4.422
S0359,control,52.4,9.958,16.106,27.493,,0.0,6.05
S0360,control,49.9,13.911,27.255,30.28,-0.56,0.0,4.098
S0361,control,52.2,9.382,23.781,35.519,-1.016,,5.919
S0362,case,63.3,,,,1.918,8.941,6.125
S0363,case,51.3,,,,1.649,0.0,4.38
S0364,control,59.0,4.812,23.424,33.59,,0.0,5.253
S0365,case,77.3,11.712,21.648,27.875,-0.124,0.0,4.962
S0366,case,65.7,12.85,21.974,28.711,0.153,,4.803
S0367,case,44.6,10.057,15.563,37.675,0.007,0.0,5.344
S0368,case,53.8,12.574,26.844,26.009,-1.332,0.832,6.975
S0369,case,58.4,9.821,25.927,26.396,,6.294,4.619
S0370,control,,9.047,16.435,30.591,,0.0,4.792
S0371,control,84.4,,,,,0.0,6.809
S0372,control,55.1,10.323,16.598,35.532,0.397,0.0,3.877
S0373,case,57.0,9.759,18.597,26.653,,,7.05
S0374,case,60.2,,,,0.946,13.514,5.512
S0375,control,64.1,7.857,14.892,23.758,2.101,16.861,5.55
S0376,control,54.7,,,,,0.0,3.178
S0377,case,78.7,,,,0.281,0.678,5.651
S0378,case,67.2,10.89,20.052,25.7,,8.067,6.503
S0379,control,68.8,10.211,22.303,29.974,,,4.159
S0380,control,64.8,12.789,18.495,28.355,,0.0,4.989
S0381,control,41.5,7.849,26.292,26.121,1.035,0.0,3.816
S0382,control,68.3,9.284,21.812,35.129,,0.0,4.811
S0383,control,55.0,13.949,19.726,29.378,,0.0,5.721
S0384,case,86.6,7.208,26.342,33.811,-0.712,0.0,4.26
S0385,case,63.8,10.145,14.147,31.589,,3.392,5.311
S0386,case,57.8,10.084,19.447,31.795,,,5.757
S0387,case,58.7,,,,,,5.548
S0388,case,73.8,,,,,0.0,5.86
S0389,control,59.8,9.794,19.137,25.238,-1.307,0.0,5.443
S0390,case,61.6,11.833,21.538,30.449,,2.074,3.281
S0391,case,67.2,,,,,0.0,4.729
S0392,case,71.8,8.426,19.67,41.18,,0.0,4.79
S0393,case,67.5,10.053,25.58,34.123,,4.457,4.415
S0394,control,61.4,9.935,27.079,31.464,,1.396,3.496
S0395,case,42.7,10.051,19.662,34.417,-1.154,,5.861
S0396,control,51.4,15.142,24.236,12.443,1.29,0.0,4.34
S0397,case,78.3,7.179,22.613,18.35,-1.297,0.0,5.843
S0398,control,53.5,,,,,0.0,3.177
S0399,control,58.7,8.791,15.203,31.921,0.788,6.882,4.308
