sample_id,comp_a,comp_b,comp_c,comp_d,pct_scale,linear_x,linear_y,monotone_x,monotone_y,vif_x1,vif_x2,vif_x3,indep_a,indep_b
S0000,0.2427,0.2803,0.4257,0.0513,24.27,0.501,0.032,3.678,47.862,0.601,-0.082,0.537,-0.067,1.687
S0001,0.3828,0.3043,0.2269,0.086,38.28,-1.052,-1.204,0.811,2.014,0.251,0.016,0.247,-0.623,0.932
S0002,0.2804,0.4191,0.2235,0.077,28.04,-1.577,-1.46,0.254,0.984,0.118,-1.087,-1.042,1.728,-1.545
S0003,0.0953,0.3742,0.3136,0.2169,9.53,0.784,0.926,1.204,3.06,0.161,-1.327,-1.173,0.922,0.442
S0004,0.3803,0.4174,0.0317,0.1705,38.03,1.449,1.441,3.25,29.487,0.244,0.377,0.608,-1.4,1.355
S0005,0.2772,0.2197,0.3672,0.136,27.72,-1.559,-0.514,1.108,3.935,-0.462,0.261,-0.145,-0.528,0.042
S0006,0.4118,0.3671,0.1127,0.1084,41.18,0.041,1.116,2.977,18.769,0.738,-0.359,0.382,0.354,-1.082
S0007,0.4898,0.1801,0.1899,0.1402,48.98,-0.439,-1.135,2.411,11.293,-0.013,0.682,0.655,0.21,-0.09
S0008,0.3502,0.1538,0.3969,0.0991,35.02,0.456,0.63,3.016,16.221,0.349,1.804,2.238,0.382,0.894
S0009,0.2919,0.1543,0.2229,0.3309,29.19,-1.065,-0.208,0.301,1.504,1.741,-0.395,1.354,-0.212,1.442
S0010,0.4053,0.0877,0.1119,0.3952,40.53,-1.039,-0.459,3.294,36.567,0.007,-0.23,-0.198,-1.594,0.542
S0011,0.5917,0.2054,0.1418,0.0611,59.17,-0.634,-0.023,2.079,6.269,0.198,0.212,0.47,0.349,-0.727
S0012,0.1149,0.5178,0.2301,0.1373,11.49,0.243,-0.707,3.438,31.539,1.984,1.318,3.254,-1.081,-0.63
S0013,0.2832,0.2724,0.1933,0.2511,28.32,-0.531,-0.348,0.584,1.983,0.585,0.303,0.908,0.213,-0.979
S0014,0.2767,0.3246,0.3103,0.0885,27.67,0.258,0.24,1.865,9.158,0.028,0.24,0.293,1.334,0.32
S0015,0.266,0.3074,0.247,0.1796,26.6,1.272,0.067,0.226,1.039,-1.204,-0.963,-2.115,-1.267,0.763
S0016,0.3096,0.1802,0.1751,0.3351,30.96,1.732,1.492,0.372,1.579,0.215,1.347,1.563,1.569,0.323
S0017,0.2945,0.2826,0.1085,0.3144,29.45,1.001,1.606,3.233,23.47,-2.449,0.473,-1.992,2.619,0.116
S0018,0.4185,0.2307,0.2854,0.0654,41.85,-0.722,-0.08,1.664,4.664,1.014,-1.508,-0.486,0.469,-1.079
S0019,0.224,0.5084,0.112,0.1556,22.4,0.131,-0.078,2.918,16.54,-0.24,0.11,-0.071,0.612,0.916
S0020,0.4898,0.1303,0.177,0.2029,48.98,0.671,0.433,1.949,6.77,0.756,0.716,1.543,0.194,0.471
S0021,0.2885,0.3155,0.1704,0.2256,28.85,1.789,1.536,1.805,5.969,-0.587,-0.256,-0.818,-2.014,1.434
S0022,0.4622,0.3526,0.1794,0.0058,46.22,0.634,0.469,3.737,41.555,1.11,0.925,2.017,0.478,0.769
S0023,0.3906,0.3225,0.2268,0.0601,39.06,-0.327,-0.168,0.942,2.348,-0.792,-0.513,-1.355,-1.108,1.332
S0024,0.4451,0.3095,0.1148,0.1307,44.51,-0.459,-0.583,1.102,2.471,-1.515,-2.165,-3.672,-0.048,0.132
S0025,0.4518,0.3394,0.1674,0.0415,45.18,1.611,1.822,1.053,2.838,-0.217,0.655,0.436,-0.808,0.632
S0026,0.2245,0.1278,0.5609,0.0868,22.45,1.516,0.833,2.675,17.191,0.249,0.763,0.944,0.231,-1.114
S0027,0.3097,0.5855,0.0478,0.057,30.97,-1.249,-0.298,3.225,20.709,1.737,-0.63,1.058,0.206,0.466
S0028,0.6411,0.0742,0.1463,0.1384,64.11,0.189,-0.12,2.565,12.183,-3.3,-0.192,-3.522,1.21,1.751
S0029,0.2766,0.4074,0.2821,0.034,27.66,-0.783,-0.764,1.776,6.741,-0.68,-0.672,-1.415,-0.22,-0.32
S0030,0.362,0.2904,0.1893,0.1583,36.2,0.355,0.335,2.719,15.06,-1.274,-0.995,-2.294,-0.76,0.408
S0031,0.4652,0.3175,0.089,0.1282,46.52,-0.838,-0.744,2.5,12.116,0.805,-0.413,0.334,0.402,-0.957
S0032,0.5047,0.4035,0.0494,0.0424,50.47,-0.799,0.09,1.936,5.503,1.457,0.115,1.522,0.33,2.424
S0033,0.3262,0.3683,0.1416,0.164,32.62,-0.924,-0.395,1.601,5.417,-1.348,-0.624,-1.95,-0.664,1.415
S0034,0.536,0.221,0.2195,0.0235,53.6,-0.119,1.242,3.887,40.353,1.858,0.929,2.757,-1.884,-0.247
S0035,0.464,0.3679,0.0987,0.0694,46.4,-0.523,-1.115,1.336,4.548,-1.409,0.751,-0.696,-1.335,1.027
S0036,0.3346,0.2394,0.3545,0.0715,33.46,-1.139,-0.952,1.082,2.687,-0.128,2.616,2.443,2.933,-0.222
S0037,0.4153,0.4038,0.0833,0.0976,41.53,0.073,0.663,2.422,13.767,0.176,-0.745,-0.633,0.881,-1.114
S0038,0.2562,0.3697,0.2416,0.1325,25.62,0.048,-0.299,1.233,3.223,-2.343,0.667,-1.555,-0.333,-1.291
S0039,0.23,0.3599,0.0576,0.3525,23.0,2.033,1.338,3.367,29.759,-0.4,-0.337,-0.621,-0.651,-0.506
S0040,0.2877,0.3176,0.1794,0.2153,28.77,-0.87,-0.668,2.266,9.085,0.402,0.432,0.896,0.427,-1.044
S0041,0.593,0.122,0.1751,0.1099,59.3,0.859,1.046,1.623,5.053,0.553,1.693,2.264,-1.241,1.049
S0042,0.2796,0.2575,0.1122,0.3507,27.96,0.307,-0.121,1.156,3.31,1.029,0.289,1.371,0.219,-1.159
S0043,0.3241,0.4571,0.1443,0.0746,32.41,1.162,2.084,1.105,3.065,-2.224,0.706,-1.543,0.953,-0.234
S0044,0.265,0.3847,0.1359,0.2144,26.5,1.012,0.597,0.726,2.294,0.572,0.069,0.575,1.189,-1.378
S0045,0.4896,0.3736,0.0778,0.0591,48.96,1.572,2.294,1.235,3.585,-1.93,1.711,-0.184,0.651,-0.024
S0046,0.2511,0.1972,0.4623,0.0894,25.11,-0.425,-0.284,2.256,8.768,-0.556,-1.98,-2.45,-0.345,0.181
S0047,0.447,0.1184,0.1552,0.2794,44.7,-0.984,-0.353,1.683,4.802,0.22,0.567,0.73,1.27,-0.151
S0048,0.3644,0.2376,0.2719,0.1261,36.44,0.474,-0.372,1.364,3.314,0.962,0.049,0.964,0.313,0.648
S0049,0.4125,0.3198,0.0666,0.2011,41.25,-1.621,-1.024,3.894,45.56,0.291,-0.378,-0.216,-1.981,-0.897
S0050,0.6852,0.1125,0.1052,0.0971,68.52,-0.252,-0.172,0.637,1.57,1.343,0.66,2.023,0.614,-0.647
S0051,0.412,0.2677,0.1674,0.1529,41.2,0.973,0.057,2.469,12.199,-0.09,-2.199,-2.289,1.194,-0.712
S0052,0.6106,0.0725,0.2554,0.0614,61.06,0.386,0.636,3.967,48.301,1.108,0.714,1.745,-0.366,-0.604
S0053,0.3991,0.2729,0.1568,0.1712,39.91,-1.717,-2.184,3.088,19.133,1.03,0.353,1.316,-0.784,-0.884
S0054,0.4313,0.2021,0.1831,0.1835,43.13,0.461,0.8,1.494,5.058,1.814,-0.008,1.76,1.425,2.295
S0055,0.3702,0.4188,0.0471,0.1639,37.02,1.562,1.425,3.915,56.348,0.217,0.822,1.064,-1.095,-3.01
S0056,0.2218,0.3207,0.1603,0.2972,22.18,-0.341,-0.568,0.275,1.272,0.511,-1.038,-0.526,-1.644,-2.443
S0057,0.3563,0.321,0.2809,0.0417,35.63,-1.537,-0.743,3.229,28.336,-1.312,-0.018,-1.3,0.463,-0.034
S0058,0.412,0.4182,0.1165,0.0533,41.2,1.544,0.42,0.585,1.491,1.264,0.242,1.553,-0.623,0.423
S0059,0.2355,0.284,0.2424,0.2381,23.55,-0.268,0.798,2.803,13.584,-0.672,0.46,-0.29,-0.632,-0.602
S0060,0.213,0.2422,0.5208,0.0241,21.3,1.624,2.221,0.709,2.154,-0.846,-0.169,-0.989,0.033,-0.895
S0061,0.4546,0.3205,0.1574,0.0675,45.46,-1.395,-1.308,0.427,1.571,0.483,0.379,0.833,-1.088,-1.191
S0062,0.2527,0.2664,0.1875,0.2935,25.27,0.829,-0.113,3.301,21.542,-0.448,0.365,-0.095,2.192,-0.999
S0063,0.4439,0.4107,0.0838,0.0615,44.39,0.127,0.024,3.972,45.927,-1.607,-0.006,-1.641,0.039,-0.237
S0064,0.3777,0.2707,0.3392,0.0124,37.77,0.756,0.596,2.098,8.516,0.099,2.444,2.475,-0.4,0.373
S0065,0.5434,0.2427,0.0858,0.1281,54.34,-0.433,-0.252,0.477,1.796,-1.626,-0.272,-1.962,0.219,-0.489
S0066,0.3223,0.3712,0.1813,0.1251,32.23,-1.298,-0.71,2.096,9.355,-1.401,2.856,1.497,-1.658,-0.929
S0067,0.3305,0.2625,0.1025,0.3045,33.05,-0.132,-0.511,1.209,2.977,-1.31,-0.282,-1.593,0.302,0.329
S0068,0.3361,0.5262,0.1132,0.0244,33.61,0.536,1.006,2.967,22.138,-0.069,0.445,0.396,-1.301,-0.369
S0069,0.3895,0.3191,0.2262,0.0651,38.95,-1.253,-0.449,2.629,13.172,-1.033,-0.472,-1.477,-0.849,0.018
S0070,0.5947,0.2498,0.1085,0.047,59.47,-0.246,-0.055,3.149,28.338,-0.408,-0.588,-1.09,0.61,0.582
S0071,0.4841,0.242,0.1841,0.0898,48.41,-1.216,-0.406,2.932,15.539,-0.415,0.902,0.522,0.301,0.126
S0072,0.3841,0.1492,0.3557,0.111,38.41,2.0,1.895,2.912,17.486,0.151,0.065,0.152,0.979,-0.978
S0073,0.2833,0.1981,0.3294,0.1893,28.33,0.589,0.949,2.849,18.885,-0.721,-1.138,-1.883,-0.272,-1.397
S0074,0.6811,0.1299,0.0698,0.1193,68.11,0.182,0.323,1.017,3.466,1.439,0.747,2.142,-0.014,-2.262
S0075,0.3492,0.5418,0.0829,0.0261,34.92,0.844,0.696,1.746,5.339,0.131,-0.658,-0.514,0.738,0.636
S0076,0.3013,0.2973,0.1024,0.299,30.13,-0.689,-0.672,2.826,14.636,-1.291,-0.853,-2.058,0.454,0.398
S0077,0.4472,0.3302,0.0935,0.1291,44.72,0.656,0.907,3.72,34.166,0.347,-1.057,-0.74,-2.575,-0.532
S0078,0.5113,0.1218,0.2747,0.0922,51.13,-0.574,0.061,3.172,22.229,0.028,0.463,0.463,-0.331,-0.899
S0079,0.282,0.2271,0.3684,0.1226,28.2,0.531,0.299,3.635,44.361,-0.331,-0.8,-1.041,-0.109,0.227
S0080,0.1984,0.3584,0.3839,0.0593,19.84,-0.273,-0.067,3.213,24.13,-0.93,0.479,-0.522,0.514,-0.179
S0081,0.5262,0.1422,0.2633,0.0683,52.62,-1.344,-1.352,0.324,1.177,-0.395,-0.506,-0.913,-0.557,1.211
S0082,0.2281,0.2157,0.2694,0.2868,22.81,0.435,0.413,2.074,7.556,0.182,-0.358,-0.112,0.548,1.037
S0083,0.5282,0.2983,0.0451,0.1284,52.82,1.006,0.921,3.75,38.931,1.025,2.895,3.931,0.431,0.471
S0084,0.5025,0.3368,0.0817,0.079,50.25,-1.299,-1.235,1.339,4.045,0.123,1.288,1.369,-0.48,0.758
S0085,0.2308,0.2345,0.497,0.0376,23.08,-0.176,-0.628,1.772,5.171,-0.138,1.614,1.486,-0.839,-1.893
S0086,0.4114,0.2971,0.1712,0.1203,41.14,-0.579,-0.915,2.398,12.511,0.461,0.433,0.917,0.045,-1.127
S0087,0.6599,0.2001,0.0562,0.0838,65.99,-0.295,-0.493,3.007,17.743,-1.95,-1.029,-3.022,0.035,-2.112
S0088,0.417,0.2998,0.046,0.2372,41.7,-2.043,-1.451,2.901,17.237,0.648,-1.348,-0.65,-1.519,-1.621
S0089,0.3122,0.3944,0.1231,0.1704,31.22,0.266,1.171,2.363,12.58,0.606,1.308,1.887,0.032,-1.114
S0090,0.4008,0.2957,0.1814,0.1221,40.08,-0.454,-0.765,3.283,30.464,0.286,0.229,0.46,-0.279,0.787
S0091,0.3498,0.2655,0.1884,0.1963,34.98,0.126,-0.98,3.166,16.534,-0.135,-0.051,-0.241,0.567,0.846
S0092,0.388,0.3646,0.2171,0.0303,38.8,-0.828,-0.439,3.907,46.425,0.014,-0.43,-0.435,2.163,0.924
S0093,0.5077,0.1681,0.2224,0.1017,50.77,-0.122,0.173,1.179,4.625,0.618,0.159,0.778,0.578,0.169
S0094,0.4447,0.1853,0.2076,0.1624,44.47,-0.429,0.095,2.506,13.478,0.603,1.735,2.363,-1.255,-1.054
S0095,0.3279,0.4542,0.1505,0.0675,32.79,1.419,0.838,3.287,21.8,-1.372,0.227,-1.045,0.408,1.298
S0096,0.5479,0.1869,0.2331,0.0321,54.79,-0.745,-0.501,1.607,3.778,-1.252,-0.055,-1.308,-0.24,1.95
S0097,0.3761,0.2267,0.1205,0.2767,37.61,1.532,0.958,2.162,8.701,0.716,0.03,0.662,0.486,-0.128
S0098,0.5101,0.1221,0.1114,0.2565,51.01,-1.533,-1.887,0.642,1.65,-0.43,0.052,-0.39,-0.241,-0.183
S0099,0.3397,0.2565,0.2074,0.1964,33.97,-1.279,-1.269,0.979,2.464,0.668,-2.714,-1.966,-0.342,0.227
S0100,0.3253,0.1948,0.4309,0.0489,32.53,0.851,1.248,1.792,5.326,-0.428,-0.721,-1.208,0.266,-0.239
S0101,0.2736,0.2624,0.3245,0.1395,27.36,-0.917,-0.74,0.207,0.875,1.477,-1.424,0.076,-0.298,2.464
S0102,0.2218,0.5009,0.1629,0.1143,22.18,-1.217,-1.063,0.139,1.57,2.059,0.288,2.346,-0.947,1.47
S0103,0.3119,0.3533,0.2613,0.0735,31.19,-1.593,-1.243,2.224,9.59,-0.061,-0.789,-0.727,0.979,-0.719
S0104,0.405,0.258,0.2569,0.0801,40.5,0.893,0.715,1.086,3.492,-0.093,-0.379,-0.544,0.251,-1.983
S0105,0.2156,0.1357,0.5191,0.1297,21.56,0.747,0.434,2.78,18.143,0.414,1.356,1.805,0.543,1.386
S0106,0.2657,0.4494,0.2331,0.0519,26.57,0.889,1.315,3.676,52.131,-2.131,-0.443,-2.592,-0.575,-1.457
S0107,0.3211,0.5235,0.0916,0.0638,32.11,-0.783,-0.199,2.661,13.11,1.303,1.23,2.617,1.504,-1.032
S0108,0.3962,0.1824,0.2059,0.2155,39.62,0.332,0.099,3.364,26.5,0.122,0.262,0.346,-1.387,-1.118
S0109,0.299,0.3295,0.3254,0.0461,29.9,1.025,0.936,0.978,2.898,1.567,0.41,1.937,1.778,1.559
S0110,0.3531,0.2744,0.1453,0.2272,35.31,-0.852,-0.284,3.815,42.378,-1.009,0.79,-0.279,0.734,-0.121
S0111,0.2359,0.4638,0.1299,0.1704,23.59,-0.955,-0.596,2.424,14.617,-1.056,-0.97,-2.08,-1.558,-1.337
S0112,0.2206,0.1249,0.5618,0.0927,22.06,0.642,0.765,2.432,11.624,-1.544,-0.225,-1.744,1.137,0.131
S0113,0.133,0.3287,0.297,0.2413,13.3,-0.459,-0.082,2.182,10.176,-0.951,0.286,-0.702,-0.725,-0.776
S0114,0.5084,0.1219,0.0757,0.294,50.84,-1.401,-1.406,2.873,17.592,-1.249,0.178,-1.026,0.505,-1.691
S0115,0.5171,0.3314,0.0702,0.0813,51.71,-0.4,-0.748,2.407,8.944,-0.296,-0.909,-1.252,0.771,-0.811
S0116,0.3256,0.2494,0.2956,0.1294,32.56,-0.822,-0.701,1.295,3.912,0.269,0.026,0.277,-1.618,-0.91
S0117,0.3021,0.3252,0.1625,0.2102,30.21,-0.199,-0.578,2.197,10.562,0.423,-0.409,-0.017,0.632,0.187
S0118,0.2366,0.3643,0.1419,0.2572,23.66,0.588,0.229,0.291,0.98,-0.482,-1.35,-1.801,-0.832,-1.317
S0119,0.4818,0.2007,0.1889,0.1287,48.18,1.501,2.182,0.587,1.607,0.179,-0.447,-0.366,1.52,-0.314
S0120,0.4055,0.0999,0.1514,0.3431,40.55,-1.005,-0.318,2.19,7.933,-1.572,0.312,-1.401,0.575,-0.831
S0121,0.4599,0.3103,0.1002,0.1296,45.99,0.983,0.175,0.275,0.942,1.303,1.861,3.283,1.837,0.1
S0122,0.3517,0.1246,0.0182,0.5055,35.17,1.358,0.696,0.687,1.874,0.326,0.54,0.814,0.959,-1.87
S0123,0.4636,0.2217,0.1923,0.1224,46.36,0.03,-0.523,1.241,3.67,0.992,0.776,1.803,-0.115,-0.414
S0124,0.4629,0.4254,0.0634,0.0484,46.29,0.156,0.391,0.611,2.042,0.445,-0.498,-0.008,0.365,1.014
S0125,0.3824,0.4629,0.06,0.0947,38.24,0.21,-0.725,2.517,13.327,0.272,1.394,1.659,0.988,-0.892
S0126,0.4112,0.2154,0.2899,0.0835,41.12,-0.402,-0.472,3.184,23.569,0.81,-0.299,0.448,2.734,0.098
S0127,0.5272,0.3368,0.122,0.0139,52.72,0.768,0.328,2.391,12.537,-1.139,0.686,-0.503,-0.973,1.306
S0128,0.6012,0.1461,0.1324,0.1203,60.12,0.287,0.231,1.316,4.467,-0.56,0.314,-0.236,-0.301,1.033
S0129,0.5466,0.0644,0.1887,0.2003,54.66,-0.175,-0.545,3.635,31.984,0.608,0.242,0.768,-1.812,-1.019
S0130,0.518,0.1017,0.1465,0.2338,51.8,-1.148,-0.836,3.289,24.495,0.227,-0.799,-0.591,-0.196,-0.278
S0131,0.5941,0.1252,0.1927,0.088,59.41,0.21,0.424,3.119,24.921,-0.389,0.196,-0.192,-0.217,-1.022
S0132,0.4837,0.0642,0.3853,0.0667,48.37,2.028,1.83,0.367,1.5,1.347,-0.93,0.405,-0.196,1.112
S0133,0.21,0.3993,0.1098,0.2809,21.0,0.489,0.769,0.983,2.928,1.98,-0.305,1.636,2.098,-0.946
S0134,0.4951,0.1309,0.1527,0.2212,49.51,0.692,0.139,3.392,25.987,-1.392,0.64,-0.74,-0.55,0.11
S0135,0.5286,0.1815,0.2372,0.0526,52.86,0.257,-0.125,2.74,11.964,0.503,1.51,2.071,-0.018,0.528
S0136,0.3498,0.2808,0.1843,0.1851,34.98,1.45,0.307,2.668,16.738,0.462,0.902,1.445,-0.567,-0.816
S0137,0.4905,0.1985,0.0954,0.2156,49.05,-1.079,-0.709,2.569,15.073,-0.319,0.758,0.453,-0.006,-0.301
S0138,0.5714,0.1666,0.1344,0.1276,57.14,-0.715,-0.703,2.797,11.248,-0.195,0.576,0.36,2.83,0.119
S0139,0.4025,0.3171,0.2097,0.0707,40.25,0.146,0.653,0.625,1.959,0.186,-0.986,-0.851,0.382,0.224
S0140,0.5075,0.2258,0.085,0.1817,50.75,-0.186,-0.439,2.81,18.221,-0.029,-2.956,-2.938,0.548,0.303
S0141,0.2774,0.2422,0.4457,0.0347,27.74,0.141,0.008,1.763,5.975,1.209,-0.038,1.2,-0.331,0.894
S0142,0.2399,0.3043,0.2382,0.2176,23.99,0.652,0.965,2.897,21.23,0.582,3.148,3.69,-0.196,-0.234
S0143,0.3014,0.1715,0.4459,0.0812,30.14,-0.449,-0.342,1.585,5.928,-0.394,-0.343,-0.651,1.014,-0.515
S0144,0.3445,0.4508,0.1455,0.0592,34.45,0.533,0.015,3.913,47.814,0.835,0.355,1.165,-1.07,-1.192
S0145,0.4637,0.1921,0.2649,0.0794,46.37,1.123,1.06,2.537,12.848,-1.347,-0.17,-1.493,-1.029,0.614
S0146,0.5046,0.3036,0.1152,0.0766,50.46,0.592,-0.119,1.453,4.076,-0.181,-0.775,-0.935,0.025,0.49
S0147,0.3422,0.2233,0.1892,0.2453,34.22,-3.061,-2.852,3.552,36.303,-2.284,0.866,-1.424,-0.656,-1.338
S0148,0.2232,0.186,0.3537,0.2371,22.32,1.729,1.521,2.596,13.482,1.728,-2.253,-0.454,1.504,0.06
S0149,0.4276,0.1751,0.2904,0.1069,42.76,-0.458,-0.557,1.046,2.728,0.874,1.29,2.107,-2.112,0.173
S0150,0.1415,0.5856,0.1551,0.1177,14.15,-1.639,-0.992,0.962,2.233,0.158,-0.635,-0.429,1.585,1.614
S0151,0.23,0.2271,0.2282,0.3147,23.0,0.487,0.347,1.859,4.558,0.699,-0.263,0.5,-0.423,0.201
S0152,0.4072,0.3566,0.1799,0.0564,40.72,-0.223,-0.494,1.263,3.407,0.376,-2.957,-2.597,1.2,-1.571
S0153,0.3882,0.3759,0.2049,0.0309,38.82,-0.688,-0.77,1.769,5.731,0.937,0.27,1.102,-2.149,0.302
S0154,0.3868,0.2225,0.0728,0.3179,38.68,-0.46,-0.212,3.244,24.634,-0.898,-0.919,-1.788,-1.523,0.24
S0155,0.3486,0.1993,0.3585,0.0937,34.86,-0.26,-0.38,3.902,55.0,0.423,0.127,0.532,0.492,0.25
S0156,0.2507,0.1277,0.361,0.2606,25.07,-0.061,-0.458,1.839,5.827,0.937,-1.739,-0.836,-1.87,-0.297
S0157,0.0796,0.3124,0.4957,0.1123,7.96,-1.745,-2.042,2.976,19.334,-0.646,-1.068,-1.648,-1.215,-1.408
S0158,0.3152,0.2168,0.3179,0.1501,31.52,-0.965,-0.522,3.023,20.921,0.349,-1.14,-0.751,0.355,-0.713
S0159,0.5803,0.2966,0.0756,0.0475,58.03,0.35,0.295,1.158,3.459,-1.27,-0.31,-1.497,0.406,0.557
S0160,0.4999,0.2474,0.203,0.0497,49.99,-0.637,-0.199,2.542,15.078,1.463,0.897,2.417,-1.194,0.313
S0161,0.4157,0.2585,0.2261,0.0997,41.57,-1.802,-1.67,1.888,7.865,0.429,0.312,0.698,0.4,-1.36
S0162,0.442,0.2009,0.2917,0.0654,44.2,-2.011,-1.885,3.261,29.644,-0.01,1.417,1.371,1.067,-1.837
S0163,0.4936,0.1357,0.2164,0.1543,49.36,-0.857,-0.581,1.32,4.102,-1.212,0.903,-0.404,-0.546,-0.296
S0164,0.3171,0.4626,0.1743,0.046,31.71,0.89,0.518,0.198,1.134,0.663,1.508,2.115,-1.646,-0.903
S0165,0.3174,0.2543,0.3245,0.1038,31.74,-0.018,0.812,0.967,2.698,1.84,-0.589,1.201,0.721,-0.947
S0166,0.3804,0.2484,0.1498,0.2213,38.04,0.98,1.2,0.104,0.966,1.379,-1.12,0.307,1.818,-0.15
S0167,0.5381,0.2866,0.1408,0.0344,53.81,-0.769,-1.03,0.603,1.607,0.583,0.823,1.444,-0.911,0.021
S0168,0.501,0.1674,0.2464,0.0853,50.1,-2.069,-1.538,0.621,1.735,-0.509,-1.369,-1.905,1.582,0.057
S0169,0.2851,0.3735,0.3173,0.0241,28.51,-0.45,0.064,2.758,22.47,-1.316,0.576,-0.7,-0.057,1.827
S0170,0.393,0.181,0.2667,0.1593,39.3,-0.172,0.218,1.112,3.407,0.642,0.301,0.913,1.865,-1.209
S0171,0.2726,0.4204,0.2078,0.0991,27.26,-1.232,-1.28,0.31,1.335,-2.769,-1.484,-4.239,-0.534,0.653
S0172,0.4498,0.2944,0.1654,0.0903,44.98,0.243,0.242,1.69,4.659,0.649,-0.201,0.452,0.878,0.656
S0173,0.5186,0.2145,0.1846,0.0822,51.86,0.751,0.518,1.71,5.649,0.239,-1.107,-0.765,-0.382,-1.214
S0174,0.5288,0.2876,0.1132,0.0704,52.88,-0.437,-0.706,3.017,24.378,-0.697,-1.129,-1.858,0.582,0.103
S0175,0.3783,0.3152,0.2398,0.0666,37.83,-0.179,0.562,1.371,2.761,-0.494,-0.076,-0.541,0.003,0.094
S0176,0.5256,0.1434,0.1336,0.1974,52.56,-1.168,-1.079,0.94,2.615,0.544,-0.184,0.344,0.386,0.689
S0177,0.3034,0.3269,0.1677,0.202,30.34,-1.318,-0.608,0.94,2.438,0.966,0.058,1.043,0.206,-0.858
S0178,0.3672,0.403,0.2281,0.0016,36.72,-0.122,-0.162,0.36,1.831,-0.181,-0.009,-0.173,-0.33,-0.434
S0179,0.2462,0.3167,0.2449,0.1922,24.62,0.389,1.075,0.847,2.807,1.337,-0.073,1.309,1.332,1.197
S0180,0.3061,0.2627,0.2532,0.178,30.61,0.399,0.447,1.181,2.14,-0.36,1.306,1.0,-0.289,1.433
S0181,0.4121,0.3078,0.258,0.0221,41.21,-2.021,-1.989,3.982,56.797,-0.268,-0.261,-0.495,-0.667,0.718
S0182,0.4865,0.3226,0.08,0.111,48.65,2.505,1.871,1.648,6.286,0.947,-0.696,0.322,-0.15,0.123
S0183,0.2957,0.2371,0.2932,0.174,29.57,1.2,0.705,0.252,1.327,0.644,0.587,1.164,0.671,0.691
S0184,0.2655,0.3443,0.3247,0.0655,26.55,-0.647,-0.273,0.198,1.001,-0.158,-0.359,-0.527,-0.446,0.364
S0185,0.1701,0.3987,0.1724,0.2588,17.01,0.804,0.867,1.5,4.424,0.078,1.457,1.598,-0.127,1.457
S0186,0.473,0.27,0.1092,0.1479,47.3,-0.025,0.111,0.236,1.278,0.999,0.469,1.421,-1.189,1.375
S0187,0.3263,0.3075,0.188,0.1782,32.63,0.573,0.238,1.056,2.423,-1.918,0.173,-1.776,0.755,-1.0
S0188,0.4083,0.3251,0.1191,0.1476,40.83,-1.005,0.051,2.657,14.608,-0.605,0.029,-0.583,0.264,-1.15
S0189,0.3541,0.2738,0.1915,0.1806,35.41,-1.325,-2.027,3.737,40.112,0.482,0.606,1.131,2.038,-0.145
S0190,0.4618,0.1639,0.2901,0.0842,46.18,-0.021,0.264,0.882,1.94,0.649,0.916,1.499,2.016,0.701
S0191,0.2945,0.3051,0.2932,0.1072,29.45,1.227,0.408,1.589,4.094,1.13,1.71,2.861,0.069,-0.036
S0192,0.3099,0.3542,0.2376,0.0983,30.99,1.07,-0.432,0.379,1.476,-0.346,-0.525,-0.781,-0.795,-1.717
S0193,0.363,0.3892,0.1073,0.1406,36.3,0.054,-1.027,1.003,2.989,0.27,-0.771,-0.521,0.335,-1.413
S0194,0.4182,0.3582,0.099,0.1247,41.82,0.341,0.38,3.84,43.031,-0.64,0.302,-0.359,0.37,0.624
S0195,0.2754,0.3414,0.2672,0.1161,27.54,-1.17,-0.618,1.073,2.659,-1.008,1.296,0.301,-0.899,1.853
S0196,0.3853,0.297,0.3044,0.0133,38.53,-0.922,-1.091,3.815,51.183,-1.102,-0.69,-1.78,-0.083,0.42
S0197,0.372,0.5433,0.057,0.0276,37.2,-2.25,-1.964,1.945,7.179,-1.242,-0.863,-2.031,0.334,1.223
S0198,0.3167,0.5458,0.0638,0.0736,31.67,-1.26,-0.462,0.885,2.171,-1.255,0.758,-0.489,-0.605,1.149
S0199,0.5554,0.2163,0.1127,0.1156,55.54,-0.295,-0.703,3.933,48.781,0.757,-0.582,0.14,-0.344,1.446
S0200,0.3816,0.405,0.1524,0.0609,38.16,-0.62,0.142,1.876,8.746,-0.074,2.662,2.592,0.993,0.409
S0201,0.4266,0.1833,0.0964,0.2937,42.66,-0.283,-1.208,1.655,5.588,-0.908,-0.474,-1.308,1.031,-0.86
S0202,0.5234,0.3035,0.1072,0.0659,52.34,-1.005,-1.043,0.477,1.241,-0.07,1.131,1.088,-0.363,-0.115
S0203,0.4362,0.259,0.1781,0.1267,43.62,-0.062,-0.503,1.816,6.727,0.809,-0.321,0.547,-0.289,-0.522
S0204,0.4103,0.3046,0.2625,0.0226,41.03,0.809,0.708,2.719,18.316,0.01,-1.492,-1.433,1.17,-1.199
S0205,0.4104,0.2452,0.1669,0.1774,41.04,-1.396,-0.878,2.016,6.36,0.195,0.241,0.412,0.641,-1.721
S0206,0.3592,0.2962,0.2561,0.0885,35.92,-0.359,-0.228,1.545,4.15,-0.906,-1.911,-2.815,0.914,-0.888
S0207,0.5494,0.1483,0.1047,0.1976,54.94,-0.444,-0.223,2.704,15.746,0.259,0.475,0.77,0.385,1.252
S0208,0.3398,0.4084,0.0603,0.1914,33.98,-0.356,-0.123,0.289,1.136,-2.34,0.324,-1.959,0.536,-0.442
S0209,0.5055,0.3136,0.0671,0.1138,50.55,-0.726,-0.163,1.396,3.363,0.076,-2.623,-2.64,1.044,-1.196
S0210,0.1708,0.314,0.3543,0.161,17.08,-1.273,-1.452,3.794,46.815,0.958,-1.034,-0.086,-0.447,-1.275
S0211,0.2871,0.5092,0.0699,0.1339,28.71,0.416,0.61,3.017,21.952,0.607,2.009,2.633,0.15,0.82
S0212,0.5271,0.216,0.2012,0.0557,52.71,-0.275,0.868,3.241,31.73,-0.4,1.377,0.985,-1.614,-0.147
S0213,0.3755,0.1341,0.1938,0.2966,37.55,-1.909,-1.483,0.585,1.626,-0.741,0.5,-0.114,0.525,0.082
S0214,0.2822,0.2665,0.2638,0.1875,28.22,-0.422,-0.59,0.891,2.475,0.078,0.678,0.756,-0.271,-0.809
S0215,0.5948,0.1819,0.1019,0.1214,59.48,-0.103,-0.507,1.708,5.835,0.791,-1.046,-0.219,-0.988,-0.374
S0216,0.2087,0.1465,0.6136,0.0312,20.87,1.037,0.664,3.17,23.618,-0.807,0.184,-0.612,-0.423,-1.804
S0217,0.5336,0.1389,0.2314,0.0961,53.36,-0.268,-0.443,1.567,4.963,-0.769,-0.079,-0.886,-0.002,-1.077
S0218,0.4426,0.291,0.2503,0.0161,44.26,1.324,1.811,3.248,26.494,0.55,0.178,0.706,-1.337,-0.057
S0219,0.2324,0.4461,0.2201,0.1015,23.24,-0.616,-0.607,1.381,4.766,0.045,1.036,1.096,-1.038,-0.781
S0220,0.4047,0.131,0.1289,0.3354,40.47,0.072,-0.037,2.943,20.871,0.204,-1.31,-1.131,-0.566,-0.55
S0221,0.2522,0.5224,0.1688,0.0566,25.22,0.612,0.609,2.821,13.789,-0.445,-0.982,-1.474,-0.057,0.842
S0222,0.6026,0.1392,0.1582,0.1001,60.26,0.609,-0.163,0.135,1.281,1.354,0.152,1.476,-1.135,-0.398
S0223,0.5374,0.2105,0.0732,0.1789,53.74,1.259,1.308,0.993,2.197,0.225,-1.097,-0.937,-2.194,-0.223
S0224,0.358,0.2923,0.2731,0.0765,35.8,-1.629,-1.138,0.593,2.151,-0.308,-0.22,-0.505,0.38,-0.386
S0225,0.2542,0.4613,0.2093,0.0752,25.42,1.16,-0.166,3.416,31.985,-0.294,1.723,1.374,0.092,0.585
S0226,0.149,0.3474,0.2349,0.2687,14.9,0.25,-0.003,0.357,1.272,0.253,-0.577,-0.371,-1.237,1.426
S0227,0.4149,0.0407,0.3756,0.1689,41.49,-0.705,-0.237,2.506,14.155,-0.141,-0.286,-0.443,-0.18,1.451
S0228,0.5416,0.3155,0.122,0.021,54.16,0.573,0.758,2.159,7.506,0.081,-0.159,-0.095,-0.787,-0.963
S0229,0.2725,0.3266,0.0742,0.3268,27.25,-1.252,-1.08,2.542,10.86,0.412,-0.164,0.245,-0.07,-0.559
S0230,0.5772,0.1351,0.0765,0.2112,57.72,0.695,0.584,1.258,3.804,0.96,-0.266,0.701,0.869,-1.348
S0231,0.3568,0.2945,0.2486,0.1001,35.68,-1.64,-0.931,3.699,33.74,0.105,-1.927,-1.885,-0.054,-0.411
S0232,0.497,0.3288,0.1267,0.0475,49.7,-0.91,-1.324,2.033,6.784,-0.119,-0.009,-0.152,0.076,-2.02
S0233,0.4536,0.1271,0.3253,0.094,45.36,-0.882,-1.18,2.325,10.552,0.011,-1.324,-1.295,1.693,0.035
S0234,0.317,0.1633,0.5084,0.0113,31.7,0.07,0.046,3.864,50.12,0.794,-0.507,0.212,-0.642,-0.684
S0235,0.2285,0.4614,0.1919,0.1182,22.85,0.434,0.776,3.03,16.29,-0.176,1.253,1.081,-0.314,-0.789
S0236,0.3931,0.3255,0.2342,0.0472,39.31,0.895,0.537,2.667,18.288,0.229,0.691,0.858,-1.438,0.37
S0237,0.2761,0.3062,0.3204,0.0973,27.61,0.022,-0.055,3.243,35.205,-2.551,0.226,-2.25,1.003,1.826
S0238,0.4605,0.2738,0.1688,0.0969,46.05,1.258,0.372,0.252,1.224,-0.586,-0.143,-0.701,-0.462,-1.82
S0239,0.574,0.1182,0.1271,0.1807,57.4,2.252,2.592,2.61,8.975,-0.653,0.464,-0.188,-1.039,-0.84
S0240,0.4166,0.0986,0.0997,0.3851,41.66,-0.991,-1.102,1.926,6.826,-1.185,-1.136,-2.268,0.445,0.028
S0241,0.4302,0.2845,0.2309,0.0544,43.02,0.18,1.116,1.463,4.303,0.323,1.196,1.535,-0.36,-0.114
S0242,0.3706,0.4405,0.0866,0.1022,37.06,1.129,0.927,2.521,13.587,-0.269,0.889,0.52,0.494,-0.144
S0243,0.2933,0.3174,0.2368,0.1526,29.33,0.537,0.857,1.306,4.737,0.207,0.295,0.441,0.504,-0.564
S0244,0.4603,0.256,0.1014,0.1823,46.03,-0.202,0.015,3.796,43.654,-1.447,-0.52,-1.909,1.152,-0.23
S0245,0.3817,0.3037,0.2509,0.0638,38.17,0.419,-0.371,2.947,17.198,-0.076,1.78,1.644,-1.652,-0.119
S0246,0.6144,0.1762,0.0867,0.1227,61.44,-1.843,-1.699,0.377,1.12,0.043,-0.672,-0.631,0.971,-1.228
S0247,0.4634,0.2775,0.1021,0.157,46.34,-0.047,-0.298,1.074,3.815,0.776,0.965,1.763,0.36,-0.941
S0248,0.2996,0.378,0.2152,0.1073,29.96,0.511,1.158,1.893,6.609,-0.588,0.064,-0.521,-0.451,0.044
S0249,0.4809,0.1561,0.1319,0.2311,48.09,0.277,0.147,3.6,29.465,-0.113,0.46,0.429,0.595,1.492
S0250,0.4779,0.1197,0.2857,0.1168,47.79,-0.776,-0.235,0.449,1.592,0.736,-0.109,0.645,0.995,0.833
S0251,0.2857,0.3199,0.2605,0.1339,28.57,-1.54,-1.831,0.854,2.482,-0.928,0.823,-0.097,-0.612,0.261
S0252,0.3954,0.1555,0.1568,0.2923,39.54,0.355,0.463,0.153,1.073,2.464,-0.895,1.544,-0.014,-0.777
S0253,0.3053,0.2491,0.3756,0.07,30.53,0.053,0.018,1.462,4.053,1.572,-0.948,0.573,1.101,1.37
S0254,0.294,0.2836,0.2938,0.1286,29.4,-0.675,-0.728,3.591,41.922,1.316,1.186,2.568,0.613,1.04
S0255,0.398,0.4081,0.0882,0.1057,39.8,-0.768,-0.678,2.066,9.043,0.312,-0.6,-0.324,-0.824,-0.054
S0256,0.3938,0.3203,0.1064,0.1795,39.38,2.162,1.354,1.255,3.847,0.501,0.56,1.033,-0.851,0.434
S0257,0.5482,0.1563,0.1213,0.1742,54.82,2.106,1.12,3.099,22.564,0.114,0.342,0.472,0.023,-0.759
S0258,0.4423,0.2066,0.1751,0.1759,44.23,-0.652,-0.193,2.274,9.008,0.885,-0.142,0.669,-0.543,-1.299
S0259,0.32,0.4773,0.1034,0.0994,32.0,-0.613,-0.567,4.0,50.643,-2.101,2.204,0.087,-0.852,-1.048
S0260,0.3998,0.3083,0.2439,0.048,39.98,-0.452,0.207,3.105,23.473,0.732,-0.215,0.589,0.275,0.329
S0261,0.3685,0.2956,0.2369,0.0989,36.85,-0.372,-0.781,1.743,5.255,1.397,-0.475,0.929,-0.635,-1.702
S0262,0.2947,0.2354,0.0346,0.4353,29.47,0.12,0.174,2.999,24.883,-0.631,1.152,0.508,1.065,0.326
S0263,0.2449,0.5096,0.1484,0.0972,24.49,-0.131,0.013,1.437,3.555,-0.062,-1.159,-1.227,-0.261,-1.12
S0264,0.3807,0.433,0.1805,0.0059,38.07,0.527,1.008,3.414,36.521,1.612,1.067,2.679,0.357,1.046
S0265,0.3269,0.1885,0.348,0.1366,32.69,-1.157,-0.97,3.533,33.803,0.208,-0.482,-0.333,-1.035,-0.713
S0266,0.6592,0.1051,0.1689,0.0668,65.92,0.316,0.328,2.429,9.582,-0.323,-0.381,-0.725,0.806,1.443
S0267,0.2782,0.4448,0.2043,0.0727,27.82,1.495,0.651,3.136,23.274,0.613,-0.527,0.061,-1.452,0.174
S0268,0.4221,0.2821,0.2429,0.0529,42.21,1.585,1.425,3.346,22.646,0.529,0.863,1.359,1.691,-0.312
S0269,0.3504,0.4201,0.1971,0.0324,35.04,0.342,0.341,2.515,14.806,0.349,1.211,1.591,-0.079,0.159
S0270,0.2653,0.3688,0.3412,0.0247,26.53,0.911,0.619,1.274,2.9,0.476,-0.391,0.03,-0.484,0.002
S0271,0.2521,0.27,0.3102,0.1677,25.21,0.757,0.395,2.234,9.049,1.698,0.324,2.081,-1.106,0.688
S0272,0.4774,0.3215,0.1683,0.0328,47.74,-0.32,-0.566,1.641,4.207,-0.133,-0.349,-0.471,-0.046,-0.051
S0273,0.2325,0.2878,0.3823,0.0974,23.25,0.324,0.617,0.27,1.392,0.037,-0.099,0.01,0.653,1.057
S0274,0.491,0.1863,0.163,0.1597,49.1,1.324,0.915,0.533,1.351,-1.464,-1.504,-2.999,1.17,-1.978
S0275,0.4,0.3575,0.1832,0.0593,40.0,-0.94,-0.06,0.917,2.906,-0.782,1.012,0.284,-1.623,0.157
S0276,0.458,0.2116,0.1916,0.1388,45.8,0.056,-0.095,0.314,1.275,0.423,-0.687,-0.373,-1.255,1.032
S0277,0.1229,0.2729,0.3515,0.2528,12.29,-0.39,-0.509,0.308,1.142,0.681,0.765,1.463,2.051,0.531
S0278,0.5931,0.2398,0.0937,0.0734,59.31,0.587,0.316,2.434,11.88,-0.745,1.701,0.903,1.778,0.671
S0279,0.3212,0.3956,0.118,0.1651,32.12,0.597,0.079,0.709,1.795,1.267,0.652,1.955,-0.627,1.106
S0280,0.5286,0.2597,0.1183,0.0933,52.86,-0.167,1.088,0.726,2.405,0.246,0.019,0.284,-0.166,0.845
S0281,0.4052,0.1339,0.3026,0.1582,40.52,1.716,1.34,2.242,10.252,-0.015,1.658,1.611,1.092,0.244
S0282,0.2893,0.1727,0.211,0.3269,28.93,-0.343,-0.277,2.803,15.438,1.327,-0.913,0.477,-0.744,-1.094
S0283,0.2084,0.5557,0.2038,0.0321,20.84,-0.398,-0.058,2.695,18.369,-1.981,0.128,-1.841,1.988,-0.266
S0284,0.6668,0.1775,0.1514,0.0042,66.68,1.431,1.256,2.717,13.563,-0.772,-0.295,-0.989,-0.735,-0.433
S0285,0.5651,0.1269,0.2214,0.0866,56.51,-0.249,0.051,0.212,0.911,-2.689,-0.099,-2.775,0.142,-0.169
S0286,0.3195,0.1403,0.5028,0.0375,31.95,0.21,-0.584,0.168,0.919,0.628,-1.386,-0.769,0.94,0.147
S0287,0.2705,0.2361,0.3121,0.1813,27.05,0.015,0.115,0.59,1.495,0.178,0.943,1.067,-0.193,-0.38
S0288,0.2474,0.3276,0.2118,0.2131,24.74,0.401,0.406,1.004,2.103,2.951,-0.548,2.44,0.207,-2.098
S0289,0.3359,0.3193,0.1899,0.1549,33.59,-1.896,-1.576,2.538,11.385,-1.041,0.305,-0.73,-0.432,-0.524
S0290,0.5958,0.274,0.0553,0.0749,59.58,1.278,0.779,2.379,10.848,0.645,0.661,1.326,0.215,-0.03
S0291,0.4326,0.2846,0.2419,0.0409,43.26,0.88,0.58,1.3,3.866,0.29,-1.555,-1.267,-1.29,-0.064
S0292,0.3732,0.1457,0.2618,0.2193,37.32,-0.003,0.069,1.279,3.058,1.301,-0.331,0.99,-0.507,-1.155
S0293,0.4657,0.2829,0.1796,0.0718,46.57,0.164,0.883,3.62,31.334,-0.727,-0.672,-1.432,-1.209,1.224
S0294,0.343,0.1916,0.4234,0.042,34.3,0.365,-0.583,0.344,1.619,-0.157,-0.065,-0.193,0.236,-0.488
S0295,0.4095,0.1936,0.2716,0.1253,40.95,0.767,0.815,2.6,12.447,-0.458,-0.111,-0.621,-1.438,0.636
S0296,0.3594,0.3786,0.2382,0.0238,35.94,1.546,1.806,1.548,3.85,0.058,-0.613,-0.547,0.075,0.827
S0297,0.3422,0.1996,0.3635,0.0947,34.22,0.027,0.383,3.941,50.306,-1.577,0.036,-1.494,0.742,1.168
S0298,0.449,0.2571,0.159,0.1349,44.9,-0.568,-0.8,2.023,7.172,-1.57,0.521,-1.017,-0.192,1.529
S0299,0.3061,0.3565,0.2564,0.0811,30.61,-0.623,-0.798,2.522,13.689,-1.105,0.51,-0.549,1.496,0.127
S0300,0.4604,0.1876,0.1392,0.2127,46.04,-0.074,-0.372,1.159,3.572,0.008,-2.713,-2.802,-2.276,2.002
S0301,0.3652,0.3288,0.2076,0.0984,36.52,-0.219,-0.333,0.956,2.546,2.179,0.303,2.541,1.394,-1.486
S0302,0.2041,0.2476,0.4465,0.1017,20.41,-0.213,0.828,1.261,2.868,0.436,-0.793,-0.408,-0.305,-0.685
S0303,0.391,0.1219,0.3401,0.147,39.1,0.389,0.52,3.826,38.32,0.372,0.048,0.462,1.245,-0.339
S0304,0.3911,0.2155,0.0542,0.3392,39.11,0.42,0.692,2.561,12.629,0.887,0.768,1.61,-0.824,-0.109
S0305,0.4222,0.2889,0.1489,0.14,42.22,-0.255,0.459,2.26,8.818,0.774,-0.226,0.633,1.603,0.646
S0306,0.485,0.3443,0.115,0.0557,48.5,0.509,0.716,2.309,9.696,-1.467,0.571,-0.921,-0.215,0.383
S0307,0.5992,0.1145,0.1504,0.1359,59.92,-1.142,-1.359,1.35,3.62,-0.566,-0.982,-1.559,0.264,0.218
S0308,0.1638,0.3625,0.4071,0.0666,16.38,0.603,0.874,1.842,5.675,1.917,0.319,2.352,1.43,-1.723
S0309,0.3966,0.2667,0.2825,0.0543,39.66,1.048,1.025,1.171,2.696,0.579,0.431,1.091,0.473,0.156
S0310,0.4421,0.2933,0.2165,0.0481,44.21,1.176,0.861,0.96,2.159,-0.338,0.862,0.494,1.517,-1.958
S0311,0.4561,0.2883,0.1098,0.1457,45.61,0.905,0.504,1.314,3.207,0.871,-1.456,-0.481,0.409,1.247
S0312,0.226,0.2562,0.3056,0.2122,22.6,-0.867,-0.446,0.397,1.879,-0.116,-1.903,-2.119,-2.819,0.099
S0313,0.3618,0.2773,0.1514,0.2095,36.18,0.404,-0.183,3.044,22.145,-1.21,-0.409,-1.65,0.365,0.06
S0314,0.578,0.2513,0.1105,0.0602,57.8,1.056,2.026,0.225,1.028,1.102,-0.038,1.06,-2.234,-1.307
S0315,0.3886,0.2676,0.284,0.0598,38.86,-0.322,-0.47,3.364,36.462,-0.204,0.139,-0.047,0.485,-1.088
S0316,0.4078,0.1873,0.2362,0.1687,40.78,0.007,-0.267,1.467,4.585,-1.006,1.556,0.468,0.577,2.602
S0317,0.448,0.1917,0.2055,0.1548,44.8,0.814,-0.347,1.873,5.776,0.75,0.532,1.397,0.136,1.647
S0318,0.6605,0.1393,0.1784,0.0218,66.05,0.087,0.722,0.236,1.723,-0.368,0.83,0.391,1.36,0.434
S0319,0.2302,0.2926,0.2408,0.2364,23.02,0.189,1.142,1.862,5.856,-0.992,-0.221,-1.181,-1.041,0.327
S0320,0.5721,0.2399,0.1295,0.0585,57.21,0.38,0.397,3.408,25.88,-1.614,-1.376,-3.074,-0.242,-1.113
S0321,0.2496,0.4556,0.1203,0.1745,24.96,1.823,1.52,3.074,23.125,-0.171,-1.098,-1.368,-0.961,1.172
S0322,0.267,0.2965,0.2295,0.2069,26.7,-1.826,-1.673,1.34,4.981,-0.788,0.009,-0.72,-0.447,0.375
S0323,0.4156,0.2817,0.0671,0.2357,41.56,-1.052,-0.951,3.283,31.557,0.873,-1.522,-0.662,-0.353,-0.805
S0324,0.1783,0.3488,0.2991,0.1738,17.83,-1.965,-1.671,1.659,6.463,0.231,0.83,1.016,0.794,0.013
S0325,0.3659,0.2196,0.2686,0.1459,36.59,-0.15,-0.517,2.379,9.861,0.592,-0.639,0.005,-2.552,-0.213
S0326,0.5738,0.2004,0.1657,0.0601,57.38,0.742,-0.029,2.347,8.842,-0.231,0.197,-0.114,0.727,0.692
S0327,0.2245,0.4537,0.2228,0.0991,22.45,-1.262,-1.382,1.019,3.561,0.815,0.32,1.18,1.436,0.668
S0328,0.3733,0.145,0.3454,0.1363,37.33,-0.138,-0.148,1.371,3.753,-0.68,1.547,0.882,0.034,-0.359
S0329,0.2654,0.2577,0.3213,0.1556,26.54,0.533,0.463,2.92,22.659,-0.298,-0.296,-0.507,0.282,-0.845
S0330,0.3136,0.2158,0.3792,0.0914,31.36,-0.337,-0.902,0.742,1.94,0.639,0.429,1.023,-0.418,-0.366
S0331,0.6117,0.1949,0.1513,0.0421,61.17,0.239,1.401,3.51,33.698,1.17,-0.136,1.095,0.162,0.127
S0332,0.6223,0.1704,0.1155,0.0918,62.23,0.865,0.792,0.639,1.853,-1.165,0.169,-0.97,2.736,-0.502
S0333,0.2756,0.5498,0.0873,0.0872,27.56,-0.969,-0.863,1.02,1.979,-0.709,-1.273,-1.967,1.73,0.896
S0334,0.3305,0.3085,0.1897,0.1712,33.05,-2.139,-1.943,2.445,11.363,-0.386,-0.486,-0.924,-1.619,-1.18
S0335,0.418,0.242,0.1161,0.2239,41.8,0.476,0.399,0.541,1.354,0.281,-0.308,-0.064,0.403,0.199
S0336,0.4526,0.1458,0.2373,0.1643,45.26,0.899,1.344,2.46,9.145,1.506,0.685,2.235,-0.353,0.853
S0337,0.4614,0.2911,0.2103,0.0372,46.14,0.081,0.016,0.462,1.557,1.107,-1.18,-0.041,-1.003,0.849
S0338,0.2952,0.3832,0.2114,0.1102,29.52,0.375,0.907,1.245,2.597,1.632,-0.901,0.692,0.906,0.205
S0339,0.4166,0.3261,0.0774,0.1799,41.66,-1.719,-1.253,2.258,9.921,-0.788,1.079,0.395,-0.739,-0.791
S0340,0.5142,0.3285,0.0703,0.087,51.42,-2.228,-2.517,1.28,2.982,-0.188,0.996,0.758,-1.722,-0.504
S0341,0.3857,0.2777,0.187,0.1496,38.57,1.049,1.252,2.514,12.936,-0.887,0.115,-0.76,-1.959,-1.404
S0342,0.3733,0.553,0.0416,0.0321,37.33,0.565,0.899,0.375,1.241,0.99,-0.085,0.966,0.593,0.516
S0343,0.3697,0.3339,0.1814,0.115,36.97,0.655,-0.416,1.666,6.384,-0.438,-0.208,-0.662,1.052,-1.253
S0344,0.626,0.2503,0.0905,0.0333,62.6,-1.039,-0.772,2.847,16.176,-0.345,-2.975,-3.347,-2.15,-0.413
S0345,0.485,0.249,0.2075,0.0585,48.5,-1.982,-2.31,2.861,17.095,-0.065,-0.015,-0.081,-0.263,-0.717
S0346,0.579,0.2935,0.1001,0.0274,57.9,0.253,0.494,3.773,38.843,0.384,0.279,0.721,0.482,-0.861
S0347,0.3833,0.261,0.0701,0.2856,38.33,0.875,0.657,0.137,1.08,1.247,-0.427,0.868,0.03,0.447
S0348,0.4343,0.1976,0.3337,0.0344,43.43,-2.209,-1.407,1.703,4.218,-0.372,0.069,-0.309,0.15,0.544
S0349,0.3596,0.3551,0.1598,0.1255,35.96,-1.621,-2.356,1.356,3.99,1.402,-1.681,-0.366,0.826,-3.179
S0350,0.2929,0.2749,0.2873,0.1448,29.29,-2.006,-1.534,3.728,51.468,0.109,-0.007,0.033,-0.679,-0.579
S0351,0.4902,0.2006,0.1074,0.2019,49.02,0.784,-0.055,3.762,40.153,0.68,1.111,1.75,-0.244,0.868
S0352,0.2416,0.2008,0.2505,0.3071,24.16,0.209,0.357,2.613,16.895,0.982,0.637,1.676,0.377,1.844
S0353,0.3288,0.3078,0.273,0.0904,32.88,-0.516,-0.363,1.15,2.227,0.218,-0.988,-0.741,-1.73,1.458
S0354,0.4749,0.3148,0.1846,0.0257,47.49,-0.727,-1.201,2.261,8.179,-1.466,-0.282,-1.686,1.753,-0.795
S0355,0.515,0.1801,0.1156,0.1894,51.5,-1.455,-1.504,0.556,1.648,-0.275,1.075,0.822,-0.085,-0.108
S0356,0.477,0.2164,0.0655,0.2411,47.7,-0.548,0.627,0.493,1.682,-0.086,-0.204,-0.3,0.706,-1.688
S0357,0.3997,0.2706,0.2678,0.0618,39.97,1.263,0.548,0.786,2.497,0.325,-1.345,-0.99,-1.057,2.594
S0358,0.3376,0.0988,0.3984,0.1652,33.76,-0.449,-0.184,1.349,3.73,-0.007,-0.928,-0.867,-0.477,1.044
S0359,0.5472,0.2796,0.1322,0.041,54.72,-0.567,0.343,2.502,14.447,1.193,0.787,1.88,-1.649,0.063
S0360,0.3248,0.2822,0.3827,0.0103,32.48,-0.333,-0.393,3.246,32.104,-0.063,-0.05,-0.137,2.07,0.006
S0361,0.562,0.2462,0.1156,0.0762,56.2,-0.704,-0.726,1.044,2.727,-0.528,0.907,0.41,-1.031,1.021
S0362,0.324,0.3409,0.148,0.1871,32.4,0.18,0.415,0.815,2.752,1.758,-2.244,-0.468,0.175,-1.792
S0363,0.336,0.4538,0.1055,0.1047,33.6,-2.154,-1.914,2.315,8.557,-1.451,0.855,-0.568,-0.702,0.116
S0364,0.463,0.0196,0.3631,0.1543,46.3,-0.154,0.657,0.741,2.008,-1.385,1.04,-0.441,-0.139,-0.878
S0365,0.7203,0.1636,0.0914,0.0248,72.03,0.217,0.369,0.694,1.871,0.881,-1.086,-0.284,-0.128,0.266
S0366,0.4226,0.2193,0.1315,0.2266,42.26,0.976,1.006,2.832,15.18,-0.999,0.533,-0.461,-0.297,0.832
S0367,0.4481,0.2556,0.2423,0.0541,44.81,-0.111,0.348,0.726,1.8,0.3,-2.172,-1.907,0.572,-0.064
S0368,0.2472,0.2333,0.2758,0.2437,24.72,0.437,0.002,2.605,15.293,0.474,0.729,1.316,-1.962,0.624
S0369,0.2595,0.2426,0.3198,0.1781,25.95,-1.706,-0.622,1.236,3.607,-0.092,-0.11,-0.178,0.36,0.123
S0370,0.1568,0.2058,0.5357,0.1018,15.68,-2.718,-2.196,3.978,50.763,-0.091,-0.955,-0.958,-1.141,-0.597
S0371,0.5153,0.0945,0.3076,0.0826,51.53,0.064,0.492,3.2,23.554,-1.37,-0.197,-1.521,-0.633,0.991
S0372,0.5209,0.1513,0.1991,0.1287,52.09,0.905,0.516,0.725,1.705,-0.05,0.737,0.755,0.415,0.084
S0373,0.2415,0.2889,0.3605,0.109,24.15,-1.023,-0.853,0.974,2.263,1.46,0.216,1.754,0.712,-0.323
S0374,0.5306,0.2894,0.1599,0.0202,53.06,-0.365,-0.856,2.593,13.781,-0.198,-0.146,-0.342,-1.198,0.933
S0375,0.2968,0.1654,0.3748,0.163,29.68,-0.242,-0.405,1.997,6.84,1.835,0.53,2.374,-0.375,0.917
S0376,0.4779,0.1774,0.3217,0.023,47.79,0.366,1.304,1.397,3.865,-1.501,-1.483,-3.045,-0.147,0.722
S0377,0.4635,0.1738,0.2973,0.0655,46.35,-1.585,-0.411,3.481,33.836,0.916,-0.493,0.343,0.453,-0.773
S0378,0.3495,0.2298,0.1934,0.2273,34.95,1.268,-0.16,2.486,14.332,0.432,-0.321,0.196,0.926,-0.367
S0379,0.4459,0.2374,0.2193,0.0974,44.59,0.09,0.005,3.348,26.283,1.649,-0.163,1.452,2.41,0.662
S0380,0.3679,0.2515,0.2445,0.1361,36.79,-0.164,-0.051,0.309,1.153,-0.17,-0.237,-0.477,-0.839,1.183
S0381,0.5129,0.3406,0.0594,0.0872,51.29,-1.34,-0.842,1.224,3.645,1.184,1.288,2.394,3.13,-0.094
S0382,0.5839,0.2858,0.1122,0.0181,58.39,-0.227,-0.082,3.496,40.747,-1.105,0.17,-0.976,-1.05,-0.013
S0383,0.609,0.1246,0.1488,0.1175,60.9,0.997,0.851,1.385,3.371,1.519,0.978,2.514,-0.078,0.368
S0384,0.2951,0.5106,0.0742,0.12,29.51,0.169,-0.564,3.493,22.364,0.478,0.341,0.835,1.418,-0.679
S0385,0.2705,0.437,0.2656,0.0269,27.05,-2.317,-2.578,1.513,4.961,-0.163,-0.489,-0.646,0.639,2.109
S0386,0.5178,0.2685,0.075,0.1387,51.78,-1.493,-1.542,0.107,1.186,0.257,-0.682,-0.458,1.01,0.715
S0387,0.2292,0.3794,0.1937,0.1977,22.92,-1.506,-0.988,1.973,7.149,0.529,-1.454,-0.852,-0.055,0.753
S0388,0.3833,0.185,0.2089,0.2227,38.33,0.718,0.734,2.571,9.781,0.871,-0.221,0.638,-0.892,1.529
S0389,0.335,0.1911,0.4326,0.0414,33.5,1.191,0.933,0.403,1.253,0.592,-0.327,0.142,0.344,-0.668
S0390,0.521,0.1455,0.2666,0.067,52.1,-1.0,-0.585,0.148,0.857,-1.681,-0.52,-2.204,-0.367,-0.895
S0391,0.4532,0.2365,0.1292,0.1811,45.32,-1.246,-1.151,2.174,9.013,-1.23,0.821,-0.392,-0.307,-1.389
S0392,0.2111,0.2625,0.4058,0.1206,21.11,-0.239,-0.192,1.815,5.102,0.771,-0.273,0.512,1.878,-0.431
S0393,0.4588,0.3598,0.0435,0.138,45.88,-1.04,-1.328,1.206,3.023,-0.661,-2.375,-2.991,-1.463,-0.745
S0394,0.4844,0.1103,0.2434,0.1619,48.44,0.322,-0.6,0.652,2.238,0.135,-0.348,-0.111,1.517,-1.58
S0395,0.4254,0.1662,0.2772,0.1312,42.54,-0.12,0.299,1.063,2.715,0.02,-0.873,-0.812,0.499,-1.911
S0396,0.3395,0.3312,0.0485,0.2809,33.95,-0.684,-1.114,0.462,1.707,-1.385,-1.309,-2.744,0.348,-0.767
S0397,0.5165,0.2844,0.1384,0.0607,51.65,0.973,0.98,3.88,64.69,-0.994,-1.356,-2.301,-0.312,1.142
S0398,0.5777,0.1573,0.1778,0.0871,57.77,-0.571,-0.863,1.101,2.257,-0.332,1.109,0.821,-0.664,-0.954
S0399,0.2408,0.4989,0.0516,0.2087,24.08,-0.721,-0.41,1.829,6.851,-1.201,-0.496,-1.653,-3.769,0.799
