sample_id,arm,arm3,y_normal,y_skewed,y_outlier,y_hetero,binary_out,age_years
S0000,control,C,-0.156,2.19,9.5,-0.421,0,70.7
S0001,control,C,0.572,0.608,-8.7,0.14,0,47.9
S0002,case,C,1.68,6.392,10.2,2.177,1,76.7
S0003,case,C,-0.77,16.047,-9.1,-2.216,1,57.5
S0004,control,C,0.495,1.423,-0.213,-0.398,0,30.1
S0005,case,C,0.109,1.771,1.993,0.449,0,53.7
S0006,case,C,1.225,5.921,0.345,1.214,0,75.0
S0007,case,C,0.834,3.724,1.551,-1.129,0,69.6
S0008,case,B,1.283,1.319,-0.324,7.268,1,49.2
S0009,case,A,1.329,1.517,1.77,3.674,0,71.8
S0010,control,B,-0.632,0.189,1.22,-0.421,0,63.9
S0011,case,A,0.755,3.098,1.087,2.364,0,52.9
S0012,control,A,0.728,6.482,-1.209,-0.308,0,45.2
S0013,control,B,-0.046,0.822,-0.205,1.262,1,62.4
S0014,case,A,0.421,6.174,1.158,6.837,0,66.2
S0015,case,A,0.398,10.126,0.483,-1.679,1,50.5
S0016,case,A,0.214,1.701,1.156,-2.299,1,52.6
S0017,control,B,0.235,0.864,0.282,0.08,0,70.5
S0018,control,B,-0.412,1.559,0.058,1.758,0,39.6
S0019,control,B,-1.563,0.948,-1.468,1.437,0,70.9
S0020,case,B,1.45,3.591,1.325,-3.345,0,69.5
S0021,control,B,-1.457,2.522,-0.08,-1.307,0,78.9
S0022,control,A,0.358,6.481,-0.142,-0.358,0,52.7
S0023,case,B,1.881,2.699,0.368,0.563,0,60.4
S0024,control,B,-1.806,0.584,-1.43,1.162,1,57.8
S0025,control,B,-0.04,1.005,0.513,0.524,0,71.2
S0026,case,A,0.722,0.91,0.353,4.673,0,36.6
S0027,case,A,-0.559,13.883,0.499,-4.188,1,53.0
S0028,control,B,-1.117,1.274,-0.131,-1.405,0,71.9
S0029,control,B,1.017,0.544,0.018,-1.734,0,70.3
S0030,control,A,-0.12,0.871,0.689,1.282,0,58.1
S0031,control,A,-0.496,0.233,-0.224,-1.058,0,56.8
S0032,case,B,2.039,1.537,0.36,-2.789,1,64.3
S0033,case,B,-1.542,1.3,1.495,2.452,0,63.9
S0034,control,A,-0.004,0.751,1.266,1.164,1,44.0
S0035,case,B,-0.793,16.104,1.306,3.293,0,67.1
S0036,case,B,1.019,4.896,1.592,7.16,0,61.7
S0037,case,B,-0.12,1.722,0.202,7.325,0,56.1
S0038,case,A,0.776,9.202,0.102,0.731,0,38.2
S0039,control,B,-1.846,0.61,0.474,-0.214,0,62.4
S0040,control,A,1.06,0.649,-0.757,0.357,0,69.7
S0041,case,A,1.488,2.843,0.616,0.038,1,42.8
S0042,case,A,1.954,3.195,-1.06,-1.035,0,78.7
S0043,control,B,-1.814,7.523,0.279,1.202,0,64.8
S0044,case,B,-0.212,0.375,1.664,4.855,1,48.4
S0045,control,B,0.44,0.5,1.103,0.525,0,87.8
S0046,control,A,-0.28,0.416,-0.467,-0.665,1,45.3
S0047,case,B,2.031,0.653,0.663,3.533,1,54.5
S0048,case,A,1.101,3.331,-0.148,7.364,0,67.3
S0049,control,B,-0.508,0.189,-0.192,0.416,1,59.6
S0050,control,B,-0.238,0.918,-0.58,-1.116,0,64.6
S0051,control,B,1.409,4.087,0.003,-0.648,0,36.9
S0052,control,A,-1.369,0.195,-1.573,-1.253,0,50.0
S0053,control,A,0.061,0.27,0.491,0.394,1,58.5
S0054,control,B,-1.959,0.821,1.319,0.119,1,72.4
S0055,case,B,0.989,0.64,-1.12,3.192,1,70.9
S0056,control,B,-1.123,18.668,-0.873,1.271,0,49.9
S0057,control,A,-0.868,5.893,1.639,-0.94,0,60.3
S0058,control,A,-0.829,0.427,-0.192,0.792,1,57.8
S0059,case,A,1.268,0.278,-0.551,4.34,0,52.2
S0060,control,B,-1.23,1.375,0.071,-0.927,0,55.8
S0061,case,B,1.028,0.26,0.831,0.182,0,38.7
S0062,control,B,0.105,6.12,-0.986,-1.081,0,71.3
S0063,case,A,-0.245,2.062,0.528,-3.629,0,49.8
S0064,control,A,1.636,0.326,1.915,-0.249,0,66.0
S0065,case,A,1.466,3.358,1.443,4.904,1,64.0
S0066,case,B,-0.742,20.499,-0.588,-1.255,0,57.9
S0067,case,A,0.502,4.133,1.354,3.613,1,49.4
S0068,control,B,1.514,7.409,-1.508,0.104,0,67.6
S0069,control,A,-0.722,1.183,-0.094,2.071,0,66.3
S0070,control,A,-0.694,0.279,-0.921,0.441,0,79.4
S0071,case,A,0.378,2.163,1.375,-0.335,1,59.8
S0072,control,B,-0.899,1.101,-0.058,1.054,0,67.5
S0073,case,B,2.41,1.976,-0.863,-4.436,1,70.9
S0074,control,B,0.168,2.893,-0.325,0.917,0,50.7
S0075,case,A,1.085,0.917,1.754,-2.847,1,56.7
S0076,control,B,1.52,2.344,0.307,1.402,1,61.8
S0077,case,B,3.47,2.311,0.38,3.306,0,53.9
S0078,case,B,0.367,3.899,1.773,3.161,0,69.6
S0079,case,A,0.705,1.004,-0.736,10.241,0,57.3
S0080,case,B,0.726,0.786,0.583,-0.138,0,48.2
S0081,control,A,1.892,2.386,-0.989,-0.512,0,58.3
S0082,control,A,0.68,0.732,-0.166,2.238,0,69.5
S0083,case,A,-0.573,1.215,-1.865,-8.521,1,71.8
S0084,control,B,1.339,0.187,-1.385,0.565,0,71.6
S0085,control,A,-1.136,1.234,0.168,2.146,0,56.3
S0086,control,A,0.268,1.708,2.128,-0.037,0,68.3
S0087,case,B,0.295,1.032,2.504,3.408,1,60.0
S0088,case,B,1.221,0.857,-0.777,-1.851,1,75.6
S0089,case,B,-0.298,2.434,1.114,-0.704,0,51.7
S0090,case,A,-0.077,0.707,-1.308,4.928,0,52.9
S0091,control,A,-0.631,1.882,-1.038,0.075,1,63.4
S0092,case,B,2.901,3.64,1.325,5.276,1,50.3
S0093,case,B,0.988,1.713,-0.465,-4.599,1,69.4
S0094,case,A,1.385,2.819,2.333,6.391,0,62.2
S0095,control,B,1.236,0.868,-0.653,-0.037,0,53.6
S0096,case,A,1.741,2.761,1.014,2.053,1,61.6
S0097,case,A,0.868,3.285,-0.696,-2.284,1,80.2
S0098,case,B,0.605,1.424,0.123,-4.385,0,60.1
S0099,control,A,0.285,0.617,0.566,-0.871,0,74.2
S0100,case,B,-0.423,2.264,0.7,3.939,1,42.2
S0101,control,A,0.013,1.727,0.452,-1.296,0,72.2
S0102,control,B,0.355,4.782,-0.04,0.485,1,64.2
S0103,case,B,2.429,5.446,2.189,-4.289,0,55.3
S0104,case,B,0.495,0.244,1.263,1.057,1,55.5
S0105,case,B,0.267,2.199,0.743,6.908,0,58.5
S0106,case,B,2.51,4.237,0.713,3.809,0,51.2
S0107,case,A,-0.159,1.926,0.431,6.113,0,44.7
S0108,case,B,1.367,5.93,-0.251,3.261,0,65.9
S0109,control,A,-0.523,0.608,-1.192,1.761,0,60.5
S0110,case,A,-0.522,12.841,1.499,-0.981,0,48.1
S0111,control,A,-1.017,0.574,-0.709,2.267,0,62.4
S0112,case,A,1.697,0.789,0.262,3.166,1,65.6
S0113,control,A,0.772,0.515,-0.837,1.195,0,65.7
S0114,case,B,1.205,1.135,0.894,-1.879,0,48.6
S0115,case,A,-0.35,8.433,2.731,1.082,0,72.6
S0116,control,B,0.379,0.379,0.041,-0.051,0,52.8
S0117,case,A,0.698,0.486,0.222,3.583,0,63.9
S0118,case,B,-0.094,0.401,-1.243,0.976,1,52.9
S0119,case,A,1.554,3.556,0.205,-0.633,1,73.2
S0120,case,B,0.278,12.769,0.733,4.008,0,48.6
S0121,case,B,0.186,15.204,0.105,1.551,1,52.5
S0122,case,B,2.318,3.726,-0.22,1.966,1,54.8
S0123,case,A,1.801,6.743,0.397,2.794,0,79.8
S0124,control,B,-0.143,0.801,0.365,-0.637,0,58.8
S0125,case,B,0.848,0.932,0.586,3.465,1,70.8
S0126,case,B,2.471,6.423,0.416,1.785,0,50.9
S0127,case,A,1.308,0.801,0.939,-1.312,1,82.8
S0128,case,B,2.044,19.611,1.361,-7.13,1,35.0
S0129,control,B,-1.311,0.189,-0.19,-1.152,0,72.6
S0130,control,A,0.095,0.583,0.436,-1.164,1,76.9
S0131,case,A,0.189,2.99,2.182,1.896,0,55.4
S0132,control,B,-0.275,0.548,-0.048,-0.993,1,61.3
S0133,case,A,1.136,0.584,0.224,4.186,0,73.9
S0134,case,A,-0.481,2.025,0.994,-0.755,1,31.2
S0135,case,B,0.972,1.373,2.322,-1.113,0,65.8
S0136,control,A,-0.161,5.52,-0.086,-0.056,0,45.6
S0137,case,A,-0.617,0.836,1.271,-1.381,1,60.9
S0138,case,B,1.742,0.177,-0.097,0.38,0,49.6
S0139,control,B,1.068,1.615,0.765,-0.592,0,43.8
S0140,control,A,0.777,2.504,1.027,-1.324,0,41.4
S0141,case,B,0.063,3.627,0.275,6.715,0,48.4
S0142,case,B,-0.94,0.839,0.492,-1.623,1,78.7
S0143,case,B,1.076,3.969,1.132,-0.003,1,69.6
S0144,case,A,0.994,2.177,1.499,0.274,1,68.0
S0145,case,B,2.858,2.723,0.273,-1.03,1,60.4
S0146,control,B,1.703,0.219,1.246,0.975,0,56.7
S0147,control,B,-0.041,0.42,-0.544,-0.838,0,57.2
S0148,control,A,-0.693,0.201,-1.093,0.638,0,68.4
S0149,case,B,2.493,3.149,0.301,3.549,0,64.8
S0150,case,B,0.941,3.104,-0.638,-0.423,0,66.8
S0151,control,B,0.552,3.89,1.676,1.142,0,44.2
S0152,control,B,0.369,0.323,0.266,0.667,0,50.5
S0153,control,A,-0.824,0.941,0.085,0.238,0,70.1
S0154,case,B,2.137,2.628,1.543,-7.584,0,68.7
S0155,case,A,-0.246,8.264,-0.242,3.398,1,34.9
S0156,control,B,0.378,0.648,-1.382,1.011,0,70.0
S0157,case,A,0.949,1.161,0.559,-0.833,0,67.8
S0158,control,A,0.148,0.539,-0.359,-1.057,0,49.5
S0159,control,A,-0.763,1.107,0.058,0.333,1,66.4
S0160,control,A,-0.256,1.668,-0.708,-0.384,0,61.1
S0161,case,A,1.921,0.795,0.889,-1.153,1,58.1
S0162,case,B,0.366,2.966,0.857,-0.956,0,59.9
S0163,control,B,-0.083,2.41,-1.629,-0.942,0,52.3
S0164,control,B,-0.554,0.483,0.793,1.049,1,56.5
S0165,control,A,-0.666,0.376,0.367,1.957,0,54.9
S0166,case,B,2.046,0.397,1.535,-2.658,1,62.3
S0167,case,A,1.662,1.484,1.211,1.66,0,64.7
S0168,case,A,-0.568,1.797,2.265,-4.073,0,68.5
S0169,control,B,0.219,2.279,1.354,2.482,1,51.4
S0170,control,A,-0.642,0.463,0.338,-0.568,0,63.1
S0171,control,A,0.29,1.212,-0.819,-1.771,0,57.2
S0172,control,A,1.507,0.153,-1.004,0.362,0,78.9
S0173,case,A,-1.091,2.418,2.045,-0.172,1,56.8
S0174,control,B,-0.649,2.023,1.675,-1.312,0,60.4
S0175,control,A,0.841,0.864,-0.244,-0.701,0,57.8
S0176,control,A,1.522,0.287,1.409,1.006,1,74.1
S0177,control,A,-2.209,1.14,-1.08,0.425,1,56.4
S0178,case,A,-1.067,2.591,1.508,4.508,0,58.8
S0179,case,B,0.573,1.193,-1.05,6.863,0,48.1
S0180,case,A,-0.527,2.454,2.94,-0.96,0,64.3
S0181,control,A,-1.844,0.841,0.508,-0.36,0,57.0
S0182,control,A,-2.133,3.017,0.718,0.057,1,55.3
S0183,control,B,0.437,0.586,0.84,0.352,0,60.2
S0184,control,B,-1.464,0.418,-0.583,-2.995,0,47.2
S0185,case,B,1.293,1.888,0.239,6.172,1,62.4
S0186,case,B,1.913,7.802,0.39,1.147,0,46.2
S0187,case,B,0.9,0.528,0.614,1.216,0,53.3
S0188,case,A,1.321,2.259,1.249,-1.006,1,71.4
S0189,case,B,-1.111,7.67,1.223,-5.963,0,67.3
S0190,control,B,0.361,0.654,0.208,1.304,0,61.2
S0191,case,A,0.716,4.401,0.981,0.776,0,50.9
S0192,control,A,-1.676,0.518,0.123,0.425,1,44.7
S0193,control,A,0.518,0.847,0.481,1.62,1,59.0
S0194,control,B,-0.292,1.042,-0.398,-0.651,0,70.6
S0195,case,A,0.109,5.901,1.449,2.209,0,51.7
S0196,control,A,0.51,0.906,-0.515,0.877,0,61.5
S0197,case,A,1.39,6.01,-1.188,4.72,1,44.6
S0198,control,B,0.026,0.178,1.272,-0.033,0,70.0
S0199,case,B,-0.734,1.92,0.732,-12.883,1,50.3
S0200,control,B,1.065,5.93,-0.272,-1.018,0,74.4
S0201,control,B,0.115,1.565,-1.41,0.587,0,79.6
S0202,control,B,0.827,2.487,-0.051,0.461,0,57.1
S0203,case,B,1.344,2.316,1.434,6.79,1,68.0
S0204,control,B,0.097,3.385,0.172,-0.465,0,75.0
S0205,case,A,0.584,1.008,1.074,-6.478,0,55.1
S0206,case,A,1.111,4.712,-0.318,-1.005,0,58.7
S0207,case,B,-0.109,3.327,0.896,-2.857,0,44.7
S0208,control,B,0.817,0.228,0.752,-1.167,1,80.2
S0209,control,A,-0.524,0.189,-0.61,0.474,0,74.3
S0210,control,B,-1.083,2.192,0.367,-0.856,0,61.4
S0211,case,A,2.095,0.353,2.362,4.214,1,64.5
S0212,control,A,-0.322,2.361,-1.267,0.185,1,69.6
S0213,control,A,-0.613,0.905,-1.071,1.135,0,67.2
S0214,case,A,0.843,9.827,1.989,-3.317,0,54.1
S0215,control,A,-1.199,1.927,-1.265,0.058,0,66.8
S0216,control,B,1.751,0.552,0.549,-0.87,0,66.8
S0217,case,A,1.119,3.546,1.08,0.229,0,57.6
S0218,case,A,-0.631,0.948,1.337,6.072,0,68.4
S0219,case,B,0.643,2.689,-0.096,-1.654,1,55.5
S0220,case,B,-0.607,1.273,-0.42,5.06,1,53.1
S0221,control,A,-2.326,7.837,-1.858,-0.248,0,59.0
S0222,control,A,-0.261,0.688,0.02,0.295,1,50.1
S0223,case,A,-0.457,3.335,0.429,4.185,0,64.8
S0224,control,A,0.133,2.899,-0.37,0.783,0,68.6
S0225,case,B,0.227,11.114,0.971,-3.456,1,55.2
S0226,control,B,-0.872,0.284,0.028,1.44,0,75.8
S0227,control,B,0.424,0.819,2.046,0.885,1,43.0
S0228,case,B,1.468,1.456,2.161,3.315,0,59.4
S0229,case,A,1.202,0.884,-0.739,0.061,0,50.2
S0230,case,B,1.356,2.448,0.976,4.482,1,47.2
S0231,control,B,0.03,1.473,-0.136,0.21,0,71.6
S0232,case,A,0.563,2.039,-0.775,1.204,0,74.7
S0233,case,B,1.726,4.435,-1.3,-1.759,0,59.6
S0234,control,A,-0.402,0.233,0.202,0.465,0,56.0
S0235,case,B,0.487,1.316,-0.076,-3.48,0,72.2
S0236,case,B,0.587,2.079,1.32,2.9,1,62.2
S0237,control,A,0.767,0.719,-0.581,0.506,1,66.4
S0238,case,B,0.635,4.578,1.007,7.793,1,62.4
S0239,case,B,0.787,1.935,0.962,-2.899,0,59.9
S0240,case,A,-0.147,1.628,0.311,3.391,1,63.9
S0241,case,B,2.286,2.709,0.911,8.938,0,51.3
S0242,case,A,1.415,4.232,1.784,4.472,0,66.9
S0243,control,B,0.165,2.363,0.687,-0.457,0,74.0
S0244,case,A,-0.171,0.173,1.408,-1.473,1,69.1
S0245,case,B,0.524,28.453,-0.458,-3.391,0,64.3
S0246,control,A,0.925,3.401,-0.892,1.399,1,51.5
S0247,control,B,1.806,0.759,-0.142,1.073,0,62.4
S0248,case,A,2.219,0.397,-0.002,-2.655,1,75.4
S0249,control,B,-0.195,0.318,-3.103,0.211,0,82.5
S0250,control,A,1.026,2.351,-0.311,-1.087,0,65.5
S0251,control,B,0.256,7.077,-1.054,-0.239,0,56.5
S0252,case,B,1.534,4.557,0.916,0.57,1,54.8
S0253,control,A,0.326,1.444,-0.421,-0.263,0,79.0
S0254,control,B,0.608,0.425,0.854,-0.084,0,65.2
S0255,control,A,1.542,0.388,-0.745,-0.387,0,67.3
S0256,case,A,0.378,1.815,-0.763,1.568,1,36.3
S0257,control,A,-0.561,0.976,-0.974,-1.127,0,37.5
S0258,control,B,1.129,1.248,-0.462,-1.001,0,46.5
S0259,control,B,0.611,4.253,0.753,1.637,0,61.9
S0260,case,A,0.388,6.69,0.033,4.012,0,68.8
S0261,control,B,0.567,1.386,-0.945,1.157,0,52.3
S0262,case,A,0.657,0.652,1.168,-1.471,0,50.5
S0263,case,B,0.422,0.687,-0.603,4.063,1,49.4
S0264,case,B,1.426,2.816,-0.314,-5.942,0,79.1
S0265,control,B,1.125,1.028,-1.071,0.653,0,78.6
S0266,control,B,-0.702,12.952,1.831,-0.311,0,57.5
S0267,case,A,-1.168,3.666,1.807,-4.359,1,56.0
S0268,case,A,1.074,2.864,0.688,1.313,1,74.7
S0269,control,B,0.607,2.004,0.367,-0.618,0,70.0
S0270,control,B,-0.052,1.315,0.448,-0.997,0,55.6
S0271,case,B,0.874,0.666,1.952,0.893,0,65.9
S0272,case,B,0.599,4.251,0.852,0.453,1,62.4
S0273,case,A,-0.005,4.803,-0.058,4.307,0,57.4
S0274,control,B,0.742,0.746,-0.75,-0.25,0,70.8
S0275,control,B,0.794,0.714,2.189,-1.281,0,61.5
S0276,control,A,0.428,0.115,1.709,-0.039,0,54.1
S0277,case,B,0.608,4.972,2.629,1.068,0,64.6
S0278,control,B,-0.947,1.398,-1.115,0.407,0,65.3
S0279,control,A,-1.902,0.93,-0.416,0.641,0,50.0
S0280,control,B,0.709,2.151,1.976,0.334,0,75.3
S0281,case,B,1.907,0.956,2.272,3.847,0,50.2
S0282,control,A,0.895,0.528,2.61,0.413,0,58.3
S0283,case,B,0.646,0.295,-0.651,0.039,1,52.9
S0284,control,A,2.041,0.575,-2.586,-0.567,0,47.0
S0285,case,B,-1.203,2.85,0.147,4.553,0,68.4
S0286,case,A,0.171,0.267,0.916,-1.04,0,51.1
S0287,control,B,0.225,0.243,0.251,-1.397,0,64.7
S0288,case,B,1.469,1.519,0.724,-2.89,0,62.9
S0289,control,B,0.637,0.976,-1.065,-0.049,0,81.8
S0290,case,B,0.649,1.32,-1.382,3.092,0,51.9
S0291,case,B,1.506,2.682,-1.627,-0.255,0,68.4
S0292,control,A,0.366,0.211,-0.225,0.469,0,57.6
S0293,control,A,-1.917,4.024,0.755,-0.094,0,67.8
S0294,case,A,-0.527,1.024,-0.175,2.274,0,50.0
S0295,case,B,1.874,0.401,0.921,7.775,0,62.3
S0296,case,B,1.48,1.234,1.688,-0.388,0,59.0
S0297,control,A,-0.77,5.812,-2.881,-0.381,1,49.9
S0298,control,B,-0.015,1.297,-0.602,0.463,0,78.7
S0299,case,A,0.416,5.812,1.487,-2.018,0,53.4
S0300,case,A,-0.738,26.947,2.11,-3.565,1,58.8
S0301,case,A,2.192,1.519,0.759,6.663,0,55.8
S0302,control,A,0.291,0.641,0.485,-1.094,0,52.3
S0303,control,A,-1.91,0.801,1.342,-0.03,0,70.7
S0304,control,B,0.496,2.031,-1.895,-0.856,1,59.6
S0305,control,B,0.152,0.883,1.998,-0.547,0,69.1
S0306,case,B,-0.276,4.194,1.251,4.683,0,54.0
S0307,case,A,0.699,2.12,1.551,2.485,0,56.4
S0308,case,B,1.313,2.577,-0.064,-9.329,1,45.2
S0309,control,B,-0.139,0.995,-0.588,-0.085,0,54.0
S0310,control,A,-1.103,0.176,1.818,1.242,1,54.0
S0311,control,B,-1.685,1.17,1.047,0.513,1,68.2
S0312,control,B,-0.462,2.719,-1.098,-0.286,0,62.1
S0313,case,B,-1.309,0.622,2.188,-0.045,0,59.3
S0314,case,B,2.821,0.819,2.594,1.093,0,61.5
S0315,case,A,1.923,3.653,0.056,2.608,1,48.8
S0316,case,B,0.628,2.366,1.252,2.141,0,65.3
S0317,control,B,-0.9,1.014,0.951,1.318,0,51.6
S0318,control,A,0.31,0.155,-0.048,-0.156,0,65.8
S0319,control,B,-2.087,1.999,0.092,0.414,0,49.3
S0320,case,B,-0.378,4.374,2.436,-1.448,0,65.2
S0321,control,B,-1.052,0.588,0.575,0.253,0,59.5
S0322,control,A,0.128,1.343,-1.17,0.563,0,63.3
S0323,case,A,-0.842,8.121,0.208,-0.538,0,64.2
S0324,case,B,1.218,8.539,0.404,0.499,1,67.8
S0325,case,A,0.942,1.172,1.72,-4.677,1,76.1
S0326,control,A,0.788,1.273,0.208,-0.029,0,66.8
S0327,case,B,-0.342,1.797,1.59,-0.675,0,75.3
S0328,case,B,0.96,1.0,0.885,1.255,1,67.6
S0329,case,A,0.361,1.95,-0.679,4.753,0,44.1
S0330,case,B,1.301,0.32,2.987,7.989,0,60.7
S0331,case,A,1.397,20.211,-2.004,2.579,0,61.2
S0332,control,A,1.024,10.319,-1.759,-0.133,0,67.8
S0333,control,B,0.699,0.334,2.544,0.846,0,58.3
S0334,case,A,1.315,2.968,1.86,0.85,1,71.9
S0335,case,A,2.186,4.665,0.948,2.813,0,54.3
S0336,control,B,1.239,0.557,-0.634,-0.29,1,88.0
S0337,control,A,-1.23,0.453,0.726,-0.074,0,54.0
S0338,case,A,1.047,1.133,0.193,2.94,0,57.7
S0339,control,B,-1.892,0.731,-0.693,1.233,0,53.0
S0340,case,A,0.484,1.055,-0.477,0.541,1,62.6
S0341,case,A,-0.239,1.439,1.206,1.76,0,72.9
S0342,case,B,-1.092,2.394,-0.534,2.963,0,66.1
S0343,case,B,0.47,1.367,1.971,0.783,1,50.0
S0344,control,A,0.544,4.272,0.179,0.116,0,62.5
S0345,case,A,-0.917,0.764,1.922,1.017,0,52.9
S0346,control,A,-0.268,0.576,1.264,0.176,0,63.9
S0347,case,B,1.425,2.452,0.941,5.958,1,78.6
S0348,control,A,-0.454,1.38,0.614,-1.14,0,51.5
S0349,control,B,0.358,0.782,1.13,-0.302,0,76.2
S0350,case,B,1.983,0.562,-1.788,-7.208,0,79.2
S0351,control,B,-0.489,0.244,-0.193,0.391,1,65.5
S0352,control,A,-0.627,7.894,1.374,1.246,0,41.9
S0353,control,A,-1.225,0.413,-0.459,-1.424,0,68.2
S0354,case,B,2.34,0.863,2.466,-4.069,1,60.3
S0355,control,A,0.624,0.741,-0.709,-0.936,0,76.2
S0356,control,B,0.065,0.649,-0.844,-0.094,0,61.9
S0357,case,B,1.336,2.204,2.411,1.507,0,70.8
S0358,case,A,0.726,0.685,0.512,6.409,0,45.1
S0359,control,B,-1.468,0.238,-0.226,0.529,0,53.7
S0360,case,A,-0.775,1.288,1.038,1.954,1,69.3
S0361,case,B,3.123,0.832,-0.103,3.9,0,56.8
S0362,control,B,0.744,0.229,0.64,0.222,0,61.2
S0363,case,A,1.795,2.439,0.689,0.913,1,46.5
S0364,case,B,-0.62,0.868,0.469,5.881,0,52.7
S0365,case,A,-0.347,5.518,1.24,-1.437,1,61.8
S0366,case,B,0.343,9.876,0.871,-1.521,0,48.6
S0367,case,A,-0.608,1.449,1.275,-4.416,0,73.9
S0368,control,A,-0.838,1.83,1.056,0.545,1,48.5
S0369,case,B,1.259,1.735,0.202,1.74,0,43.9
S0370,control,B,1.543,0.495,-1.03,-0.355,0,60.5
S0371,control,A,-2.221,5.325,0.585,0.25,0,54.4
S0372,control,B,0.531,0.91,0.46,0.244,1,41.2
S0373,control,A,-1.657,0.302,-0.401,1.112,0,81.0
S0374,control,B,0.706,0.744,-0.514,-0.109,1,62.4
S0375,case,A,-1.384,1.431,1.603,1.207,1,55.0
S0376,case,B,2.272,0.853,2.332,3.897,0,56.7
S0377,control,B,-1.436,0.823,-0.37,-0.333,0,68.3
S0378,case,B,-0.058,2.857,1.026,5.291,1,55.0
S0379,control,A,-0.405,0.477,0.261,1.121,0,71.2
S0380,case,B,1.888,0.856,-0.836,-1.166,0,48.7
S0381,case,B,0.725,1.529,-0.82,-3.15,1,75.0
S0382,control,B,0.522,0.364,0.621,0.926,0,78.3
S0383,case,B,0.999,5.794,2.312,1.287,1,54.4
S0384,case,B,-0.056,2.0,0.349,3.196,1,64.4
S0385,control,A,-0.211,0.733,0.683,-0.547,0,60.3
S0386,control,A,0.03,0.268,-1.471,-2.071,0,49.4
S0387,control,A,-0.492,0.633,1.289,0.76,0,58.1
S0388,control,B,0.782,1.472,1.821,0.239,0,51.5
S0389,case,B,1.191,2.861,-0.151,-0.754,1,60.2
S0390,control,A,-1.601,5.803,0.727,1.855,0,50.1
S0391,case,A,0.74,3.027,1.247,-0.353,0,64.7
S0392,case,A,1.442,1.233,1.912,-0.29,1,63.5
S0393,case,B,1.053,1.619,-0.157,-0.266,0,65.8
S0394,control,A,1.283,0.198,-0.151,-0.428,0,59.9
S0395,case,B,-0.688,0.094,0.409,0.241,0,60.1
S0396,case,B,-0.473,0.973,1.618,4.342,0,74.9
S0397,case,B,2.067,1.872,-0.326,0.139,0,53.8
S0398,case,B,0.299,5.096,0.932,2.911,0,47.1
S0399,control,A,-1.633,1.764,-1.218,0.17,0,67.2
