subject_id,visit,arm,value,age_years
P0000,T1,case,1.611,60.2
P0000,T2,case,2.566,60.2
P0000,T3,case,2.164,60.2
P0001,T1,control,2.22,43.4
P0001,T2,control,2.604,43.4
P0001,T3,control,3.741,43.4
P0002,T1,case,2.618,51.3
P0002,T2,case,2.821,51.3
P0002,T3,case,3.268,51.3
P0003,T1,control,-0.927,54.0
P0003,T2,control,-1.867,54.0
P0003,T3,control,-1.255,54.0
P0004,T1,case,0.751,60.3
P0004,T2,case,2.001,60.3
P0004,T3,case,3.039,60.3
P0005,T1,control,-1.399,64.5
P0005,T2,control,-0.936,64.5
P0005,T3,control,-1.179,64.5
P0006,T1,case,0.867,67.9
P0006,T2,case,1.764,67.9
P0006,T3,case,3.008,67.9
P0007,T1,control,1.506,65.2
P0007,T2,control,2.751,65.2
P0007,T3,control,2.314,65.2
P0008,T1,control,0.457,67.7
P0008,T2,control,1.061,67.7
P0008,T3,control,1.576,67.7
P0009,T1,case,2.926,54.6
P0009,T2,case,4.934,54.6
P0009,T3,case,5.514,54.6
P0010,T1,case,1.194,64.4
P0010,T2,case,1.334,64.4
P0010,T3,case,3.829,64.4
P0011,T1,case,0.566,54.8
P0011,T2,case,1.341,54.8
P0011,T3,case,0.546,54.8
P0012,T1,control,2.59,63.2
P0012,T2,control,2.528,63.2
P0012,T3,control,2.703,63.2
P0013,T1,case,-0.657,35.3
P0013,T2,case,-0.304,35.3
P0013,T3,case,0.562,35.3
P0014,T1,control,3.216,47.6
P0014,T2,control,2.745,47.6
P0014,T3,control,3.831,47.6
P0015,T1,control,0.317,64.3
P0015,T2,control,0.811,64.3
P0015,T3,control,1.476,64.3
P0016,T1,control,-3.51,73.2
P0016,T2,control,-3.467,73.2
P0016,T3,control,-3.981,73.2
P0017,T1,case,-2.854,70.5
P0017,T2,case,-1.78,70.5
P0017,T3,case,-0.915,70.5
P0018,T1,case,2.839,57.3
P0018,T2,case,5.362,57.3
P0018,T3,case,3.775,57.3
P0019,T1,control,-1.118,73.6
P0019,T2,control,-0.632,73.6
P0019,T3,control,0.997,73.6
P0020,T1,case,-0.881,59.8
P0020,T2,case,-1.401,59.8
P0020,T3,case,-0.101,59.8
P0021,T1,control,-1.497,49.4
P0021,T2,control,-0.866,49.4
P0021,T3,control,-0.773,49.4
P0022,T1,control,1.019,65.1
P0022,T2,control,-0.087,65.1
P0022,T3,control,3.243,65.1
P0023,T1,control,0.354,67.8
P0023,T2,control,2.891,67.8
P0023,T3,control,1.922,67.8
P0024,T1,case,1.61,43.2
P0024,T2,case,3.953,43.2
P0024,T3,case,3.133,43.2
P0025,T1,control,1.199,53.4
P0025,T2,control,1.292,53.4
P0025,T3,control,3.207,53.4
P0026,T1,control,1.656,76.1
P0026,T2,control,0.947,76.1
P0026,T3,control,4.514,76.1
P0027,T1,control,0.428,66.2
P0027,T2,control,1.196,66.2
P0027,T3,control,1.76,66.2
P0028,T1,case,-0.495,56.9
P0028,T2,case,1.006,56.9
P0028,T3,case,1.391,56.9
P0029,T1,case,4.885,47.3
P0029,T2,case,5.237,47.3
P0029,T3,case,6.708,47.3
P0030,T1,control,2.147,53.7
P0030,T2,control,2.496,53.7
P0030,T3,control,2.466,53.7
P0031,T1,case,2.637,93.0
P0031,T2,case,2.023,93.0
P0031,T3,case,3.07,93.0
P0032,T1,control,-1.151,65.4
P0032,T2,control,-1.546,65.4
P0032,T3,control,-1.891,65.4
P0033,T1,control,2.469,59.9
P0033,T2,control,2.465,59.9
P0033,T3,control,2.507,59.9
P0034,T1,case,-0.237,56.8
P0034,T2,case,0.21,56.8
P0034,T3,case,1.662,56.8
P0035,T1,case,4.977,62.9
P0035,T2,case,4.907,62.9
P0035,T3,case,5.336,62.9
P0036,T1,case,1.743,46.8
P0036,T2,case,1.528,46.8
P0036,T3,case,2.315,46.8
P0037,T1,case,0.417,27.9
P0037,T2,case,2.839,27.9
P0037,T3,case,2.146,27.9
P0038,T1,control,-1.058,62.7
P0038,T2,control,-1.11,62.7
P0038,T3,control,-0.605,62.7
P0039,T1,case,0.636,63.9
P0039,T2,case,2.267,63.9
P0039,T3,case,1.614,63.9
P0040,T1,case,0.914,44.6
P0040,T2,case,0.744,44.6
P0040,T3,case,2.3,44.6
P0041,T1,control,-1.025,50.6
P0041,T2,control,-1.435,50.6
P0041,T3,control,0.268,50.6
P0042,T1,control,1.078,51.4
P0042,T2,control,0.511,51.4
P0042,T3,control,1.765,51.4
P0043,T1,case,2.845,56.7
P0043,T2,case,4.036,56.7
P0043,T3,case,4.642,56.7
P0044,T1,case,3.269,60.1
P0044,T2,case,4.062,60.1
P0044,T3,case,3.767,60.1
P0045,T1,control,3.168,36.2
P0045,T2,control,3.526,36.2
P0045,T3,control,4.661,36.2
P0046,T1,control,0.702,52.4
P0046,T2,control,1.829,52.4
P0046,T3,control,3.321,52.4
P0047,T1,control,-0.844,61.9
P0047,T2,control,0.032,61.9
P0047,T3,control,-0.105,61.9
P0048,T1,control,-0.362,53.4
P0048,T2,control,1.08,53.4
P0048,T3,control,0.965,53.4
P0049,T1,control,1.134,58.7
P0049,T2,control,3.461,58.7
P0049,T3,control,3.603,58.7
P0050,T1,case,-2.739,46.1
P0050,T2,case,-0.542,46.1
P0050,T3,case,-0.119,46.1
P0051,T1,case,-1.404,45.6
P0051,T2,case,-0.407,45.6
P0051,T3,case,1.627,45.6
P0052,T1,control,1.131,66.5
P0052,T2,control,1.466,66.5
P0052,T3,control,1.128,66.5
P0053,T1,control,1.307,28.4
P0053,T2,control,1.918,28.4
P0053,T3,control,3.707,28.4
P0054,T1,case,0.747,59.3
P0054,T2,case,3.348,59.3
P0054,T3,case,2.228,59.3
P0055,T1,control,-1.701,54.1
P0055,T2,control,-0.318,54.1
P0055,T3,control,-1.396,54.1
P0056,T1,control,-0.568,47.2
P0056,T2,control,0.832,47.2
P0056,T3,control,2.245,47.2
P0057,T1,control,0.334,50.8
P0057,T2,control,0.889,50.8
P0057,T3,control,1.691,50.8
P0058,T1,control,-4.763,57.7
P0058,T2,control,-1.626,57.7
P0058,T3,control,-3.057,57.7
P0059,T1,control,0.619,72.4
P0059,T2,control,-1.76,72.4
P0059,T3,control,1.135,72.4
P0060,T1,control,-2.813,63.6
P0060,T2,control,-1.792,63.6
P0060,T3,control,-2.856,63.6
P0061,T1,control,-0.357,67.8
P0061,T2,control,0.251,67.8
P0061,T3,control,1.753,67.8
P0062,T1,control,2.172,46.8
P0062,T2,control,2.349,46.8
P0062,T3,control,2.655,46.8
P0063,T1,control,0.799,50.8
P0063,T2,control,1.067,50.8
P0063,T3,control,2.877,50.8
P0064,T1,control,3.668,36.8
P0064,T2,control,3.168,36.8
P0064,T3,control,4.135,36.8
P0065,T1,control,3.615,67.0
P0065,T2,control,2.346,67.0
P0065,T3,control,4.227,67.0
P0066,T1,case,3.556,62.3
P0066,T2,case,4.908,62.3
P0066,T3,case,5.538,62.3
P0067,T1,control,1.352,52.9
P0067,T2,control,2.443,52.9
P0067,T3,control,4.104,52.9
P0068,T1,control,1.03,72.0
P0068,T2,control,0.949,72.0
P0068,T3,control,0.779,72.0
P0069,T1,control,-1.322,56.0
P0069,T2,control,0.027,56.0
P0069,T3,control,0.385,56.0
P0070,T1,case,-4.098,73.1
P0070,T2,case,-3.32,73.1
P0070,T3,case,-0.701,73.1
P0071,T1,case,3.236,80.9
P0071,T2,case,3.849,80.9
P0071,T3,case,4.138,80.9
P0072,T1,case,2.332,52.0
P0072,T2,case,4.345,52.0
P0072,T3,case,4.363,52.0
P0073,T1,control,-1.544,56.2
P0073,T2,control,1.158,56.2
P0073,T3,control,0.245,56.2
P0074,T1,case,3.371,53.3
P0074,T2,case,4.15,53.3
P0074,T3,case,4.556,53.3
P0075,T1,case,1.502,66.2
P0075,T2,case,3.692,66.2
P0075,T3,case,2.436,66.2
P0076,T1,control,2.205,61.1
P0076,T2,control,2.345,61.1
P0076,T3,control,3.958,61.1
P0077,T1,control,-0.586,48.7
P0077,T2,control,0.946,48.7
P0077,T3,control,1.048,48.7
P0078,T1,case,-0.485,58.8
P0078,T2,case,0.016,58.8
P0078,T3,case,0.769,58.8
P0079,T1,control,0.321,77.8
P0079,T2,control,0.641,77.8
P0079,T3,control,2.122,77.8
P0080,T1,case,1.872,59.0
P0080,T2,case,1.266,59.0
P0080,T3,case,2.076,59.0
P0081,T1,case,-1.038,56.5
P0081,T2,case,-1.109,56.5
P0081,T3,case,-0.943,56.5
P0082,T1,control,-2.335,59.8
P0082,T2,control,-1.272,59.8
P0082,T3,control,-2.989,59.8
P0083,T1,case,1.683,66.0
P0083,T2,case,2.586,66.0
P0083,T3,case,2.261,66.0
P0084,T1,case,2.863,65.7
P0084,T2,case,2.121,65.7
P0084,T3,case,2.95,65.7
P0085,T1,case,-4.992,52.2
P0085,T2,case,-2.419,52.2
P0085,T3,case,-0.77,52.2
P0086,T1,control,3.627,68.9
P0086,T2,control,3.825,68.9
P0086,T3,control,4.617,68.9
P0087,T1,case,3.141,76.7
P0087,T2,case,5.409,76.7
P0087,T3,case,4.454,76.7
P0088,T1,case,3.026,67.1
P0088,T2,case,5.575,67.1
P0088,T3,case,4.276,67.1
P0089,T1,case,0.661,67.4
P0089,T2,case,3.678,67.4
P0089,T3,case,3.391,67.4
P0090,T1,control,1.49,68.9
P0090,T2,control,2.572,68.9
P0090,T3,control,0.333,68.9
P0091,T1,case,-2.024,50.8
P0091,T2,case,-2.001,50.8
P0091,T3,case,0.257,50.8
P0092,T1,case,0.239,61.5
P0092,T2,case,0.951,61.5
P0092,T3,case,1.758,61.5
P0093,T1,case,-2.034,44.3
P0093,T2,case,-0.925,44.3
P0093,T3,case,-1.368,44.3
P0094,T1,case,-0.191,63.3
P0094,T2,case,-0.757,63.3
P0094,T3,case,0.72,63.3
P0095,T1,control,1.086,64.4
P0095,T2,control,0.743,64.4
P0095,T3,control,2.455,64.4
P0096,T1,case,5.523,54.5
P0096,T2,case,5.553,54.5
P0096,T3,case,7.538,54.5
P0097,T1,case,-0.733,72.4
P0097,T2,case,-0.281,72.4
P0097,T3,case,1.868,72.4
P0098,T1,case,-0.813,62.5
P0098,T2,case,-1.786,62.5
P0098,T3,case,-0.216,62.5
P0099,T1,case,1.059,52.1
P0099,T2,case,-0.366,52.1
P0099,T3,case,2.67,52.1
P0100,T1,control,-1.207,60.6
P0100,T2,control,-0.57,60.6
P0100,T3,control,0.599,60.6
P0101,T1,control,-1.829,34.5
P0101,T2,control,-0.804,34.5
P0101,T3,control,-0.221,34.5
P0102,T1,control,1.098,51.5
P0102,T2,control,1.646,51.5
P0102,T3,control,1.46,51.5
P0103,T1,case,2.515,53.3
P0103,T2,case,2.314,53.3
P0103,T3,case,4.394,53.3
P0104,T1,control,0.783,59.2
P0104,T2,control,0.273,59.2
P0104,T3,control,0.246,59.2
P0105,T1,control,-0.841,39.8
P0105,T2,control,-0.353,39.8
P0105,T3,control,1.073,39.8
P0106,T1,control,1.408,64.6
P0106,T2,control,2.177,64.6
P0106,T3,control,1.872,64.6
P0107,T1,control,-1.69,63.3
P0107,T2,control,-1.03,63.3
P0107,T3,control,-0.281,63.3
P0108,T1,control,1.415,55.1
P0108,T2,control,1.84,55.1
P0108,T3,control,1.919,55.1
P0109,T1,control,-0.22,78.7
P0109,T2,control,0.772,78.7
P0109,T3,control,1.618,78.7
P0110,T1,control,-3.447,60.3
P0110,T2,control,-1.257,60.3
P0110,T3,control,-0.457,60.3
P0111,T1,case,-0.113,59.3
P0111,T2,case,0.994,59.3
P0111,T3,case,1.85,59.3
P0112,T1,control,-1.877,70.6
P0112,T2,control,0.832,70.6
P0112,T3,control,2.036,70.6
P0113,T1,control,-0.323,71.2
P0113,T2,control,0.191,71.2
P0113,T3,control,0.364,71.2
P0114,T1,control,0.85,55.9
P0114,T2,control,2.165,55.9
P0114,T3,control,2.793,55.9
P0115,T1,control,0.057,71.2
P0115,T2,control,0.107,71.2
P0115,T3,control,1.419,71.2
P0116,T1,control,6.008,63.5
P0116,T2,control,4.922,63.5
P0116,T3,control,5.497,63.5
P0117,T1,case,1.879,56.5
P0117,T2,case,2.209,56.5
P0117,T3,case,2.385,56.5
P0118,T1,control,0.444,44.4
P0118,T2,control,-0.518,44.4
P0118,T3,control,1.67,44.4
P0119,T1,control,-1.723,67.9
P0119,T2,control,0.343,67.9
P0119,T3,control,-2.048,67.9
