sample_id,arm,time_days,event,age_years,stage
S0000,control,276.2,0,55.5,I
S0001,case,68.0,1,60.0,I
S0002,case,418.7,1,61.4,III
S0003,control,912.1,1,61.6,I
S0004,control,257.2,1,76.9,II
S0005,control,724.4,1,74.1,I
S0006,control,183.5,1,63.6,III
S0007,control,440.2,0,46.9,I
S0008,case,94.7,1,67.9,II
S0009,case,100.7,1,68.7,I
S0010,control,359.9,1,66.4,I
S0011,case,412.6,0,64.0,III
S0012,control,494.0,0,59.8,III
S0013,case,20.9,1,68.1,I
S0014,control,265.7,1,60.5,I
S0015,control,38.4,1,64.7,III
S0016,case,495.3,1,79.1,II
S0017,case,664.0,0,66.5,I
S0018,case,414.0,1,66.8,I
S0019,control,209.6,1,55.2,II
S0020,control,737.8,1,60.8,III
S0021,control,244.5,0,63.5,I
S0022,case,452.9,1,54.4,I
S0023,case,530.5,0,59.7,I
S0024,control,382.0,0,66.0,I
S0025,control,141.3,1,64.8,II
S0026,case,6.8,1,57.7,I
S0027,control,302.1,1,47.2,I
S0028,case,24.8,1,53.4,I
S0029,case,337.0,0,56.3,III
S0030,control,957.6,0,47.9,III
S0031,control,980.7,0,69.7,III
S0032,case,139.9,1,57.1,III
S0033,case,28.1,1,58.0,III
S0034,case,128.7,1,69.5,II
S0035,case,69.8,1,67.4,II
S0036,control,285.5,1,58.3,III
S0037,control,423.5,1,65.9,III
S0038,control,95.8,1,67.8,II
S0039,case,320.2,0,56.9,III
S0040,control,655.6,1,55.0,II
S0041,case,407.1,1,56.8,III
S0042,case,167.3,1,61.2,III
S0043,case,610.0,0,65.4,I
S0044,case,88.2,1,46.2,I
S0045,case,420.0,1,69.7,I
S0046,case,105.7,1,57.9,I
S0047,control,397.8,0,59.1,III
S0048,control,508.7,1,75.0,I
S0049,case,188.4,1,79.8,II
S0050,control,303.6,0,47.3,I
S0051,case,221.4,1,43.7,II
S0052,control,983.3,0,74.5,I
S0053,control,624.8,0,72.4,III
S0054,control,434.6,1,58.7,II
S0055,control,729.0,1,80.7,II
S0056,case,176.0,1,63.0,III
S0057,control,1053.2,0,46.1,II
S0058,control,352.9,1,61.5,I
S0059,control,486.6,1,71.6,III
S0060,control,223.2,1,78.9,III
S0061,control,192.8,1,55.2,II
S0062,control,391.5,1,62.5,III
S0063,case,86.5,1,62.3,II
S0064,case,73.7,1,46.7,I
S0065,control,326.7,1,85.2,II
S0066,control,364.9,1,62.3,II
S0067,case,185.6,1,57.7,II
S0068,control,70.5,1,76.0,I
S0069,case,226.3,1,51.8,III
S0070,control,187.7,1,56.6,III
S0071,control,234.6,0,69.4,III
S0072,case,325.3,1,74.1,II
S0073,control,397.6,1,47.6,III
S0074,control,632.1,0,59.2,III
S0075,control,230.9,1,70.7,III
S0076,case,568.3,1,55.5,II
S0077,case,696.2,0,77.5,I
S0078,control,318.2,1,68.9,I
S0079,case,68.6,1,73.6,III
S0080,case,191.2,1,46.9,III
S0081,control,281.5,0,66.6,I
S0082,control,582.4,0,67.8,II
S0083,case,528.9,0,55.2,I
S0084,control,105.9,1,54.6,III
S0085,control,288.7,0,57.3,III
S0086,control,94.1,1,65.1,III
S0087,control,825.7,0,46.6,III
S0088,case,68.5,1,65.6,I
S0089,case,96.3,1,59.5,I
S0090,case,949.7,1,53.0,I
S0091,case,745.1,0,70.6,II
S0092,control,303.2,1,63.0,III
S0093,case,496.7,1,52.0,I
S0094,case,36.0,1,54.9,II
S0095,control,401.3,0,71.3,III
S0096,case,6.8,1,45.7,III
S0097,case,879.9,1,51.1,I
S0098,case,222.8,1,58.7,I
S0099,case,61.6,1,66.0,I
S0100,case,262.2,1,65.5,III
S0101,control,759.1,0,69.5,I
S0102,control,532.8,0,81.8,II
S0103,case,752.7,0,72.4,I
S0104,control,93.0,1,66.2,II
S0105,control,220.2,1,56.7,I
S0106,case,1.0,1,64.0,II
S0107,case,72.1,1,63.3,II
S0108,control,382.1,0,74.1,II
S0109,control,7.7,1,51.5,I
S0110,case,321.7,0,65.5,II
S0111,control,59.7,1,62.8,I
S0112,control,689.8,0,71.5,III
S0113,control,241.0,1,64.4,I
S0114,case,84.6,1,63.2,III
S0115,case,599.0,0,58.9,I
S0116,control,833.7,0,73.4,III
S0117,case,272.1,1,57.9,II
S0118,control,336.8,0,48.7,II
S0119,control,506.1,0,57.3,III
S0120,control,16.3,1,72.2,III
S0121,control,176.6,1,73.6,III
S0122,case,469.1,1,62.4,III
S0123,case,364.8,1,66.4,II
S0124,case,1079.6,0,67.8,II
S0125,case,59.4,1,52.8,III
S0126,control,507.7,1,48.6,I
S0127,case,249.0,1,61.6,III
S0128,control,697.6,1,82.6,II
S0129,control,697.1,1,68.8,III
S0130,control,142.9,1,58.0,II
S0131,case,412.6,1,70.2,III
S0132,control,702.1,0,65.2,III
S0133,case,166.3,1,73.8,III
S0134,case,126.9,1,59.5,II
S0135,case,1030.5,0,66.6,I
S0136,case,284.0,1,71.1,I
S0137,case,640.0,1,44.8,II
S0138,control,398.4,0,59.6,I
S0139,control,547.9,1,74.3,II
S0140,case,126.0,1,61.4,II
S0141,case,560.8,1,90.8,II
S0142,control,361.5,1,41.4,II
S0143,control,204.3,1,66.5,III
S0144,control,769.2,0,59.7,II
S0145,control,79.4,1,67.5,I
S0146,case,285.2,0,67.3,III
S0147,control,345.6,1,48.9,II
S0148,control,416.1,0,70.4,I
S0149,control,94.5,1,60.6,II
S0150,case,141.7,1,60.9,III
S0151,case,362.7,1,72.2,III
S0152,control,363.1,1,59.4,III
S0153,control,907.3,0,71.2,III
S0154,control,497.4,1,60.6,I
S0155,case,143.8,1,61.3,I
S0156,control,20.7,1,73.4,I
S0157,case,1088.3,0,65.0,II
S0158,case,286.5,0,55.6,III
S0159,control,556.7,0,54.5,II
S0160,control,739.7,0,68.7,III
S0161,case,380.4,1,54.1,III
S0162,control,57.6,1,57.8,III
S0163,control,0.3,1,60.8,III
S0164,case,27.6,1,63.1,I
S0165,control,567.4,0,57.5,II
S0166,control,464.5,1,48.6,III
S0167,case,91.1,1,64.2,I
S0168,control,462.0,1,64.6,II
S0169,control,666.9,1,58.4,II
S0170,control,723.5,0,73.3,III
S0171,case,31.5,1,52.9,I
S0172,control,658.1,1,73.2,II
S0173,control,106.7,1,72.4,I
S0174,control,271.1,1,62.7,II
S0175,control,847.3,0,77.5,II
S0176,control,314.9,1,58.7,I
S0177,control,72.6,1,64.4,III
S0178,control,29.3,1,67.1,I
S0179,control,402.8,1,67.6,II
S0180,case,778.2,0,77.1,II
S0181,case,750.3,0,62.7,II
S0182,control,500.3,1,56.7,III
S0183,case,337.4,0,51.4,III
S0184,case,388.5,1,70.1,II
S0185,control,407.0,0,57.8,II
S0186,control,323.5,1,57.2,I
S0187,control,29.2,1,68.4,II
S0188,control,377.5,0,61.2,III
S0189,control,633.8,0,59.0,II
S0190,case,292.8,0,67.7,I
S0191,control,702.6,0,74.7,III
S0192,control,558.3,1,56.1,I
S0193,case,355.2,1,69.7,III
S0194,control,245.8,1,66.5,II
S0195,case,139.6,1,51.0,III
S0196,control,95.2,1,55.4,I
S0197,control,877.0,0,63.6,II
S0198,case,25.0,1,64.6,II
S0199,case,303.0,0,67.8,I
S0200,control,388.1,1,66.5,II
S0201,case,632.6,0,66.0,II
S0202,case,69.6,1,50.6,III
S0203,case,54.0,1,51.0,III
S0204,case,85.0,1,85.9,II
S0205,case,108.3,1,72.4,III
S0206,case,174.7,1,67.9,I
S0207,case,303.2,1,67.1,I
S0208,case,352.8,1,60.6,I
S0209,control,289.0,0,75.4,I
S0210,case,177.3,1,63.2,I
S0211,control,369.6,1,64.6,I
S0212,case,350.3,1,70.1,III
S0213,case,564.0,1,73.1,I
S0214,control,396.2,1,62.6,II
S0215,case,226.8,1,79.6,II
S0216,control,468.0,1,46.1,III
S0217,control,207.5,1,54.5,II
S0218,case,167.9,1,75.1,I
S0219,control,594.6,1,60.4,III
S0220,control,395.0,1,54.9,I
S0221,case,276.8,1,62.1,I
S0222,control,430.3,0,60.2,II
S0223,case,460.9,0,42.5,II
S0224,control,0.6,1,70.0,III
S0225,case,18.2,1,53.0,I
S0226,case,549.1,1,59.5,I
S0227,control,315.4,1,74.6,I
S0228,case,46.6,1,50.8,I
S0229,control,758.9,0,73.1,II
S0230,case,797.1,1,72.8,III
S0231,case,27.8,1,58.2,I
S0232,case,88.1,1,60.2,II
S0233,control,186.6,1,52.9,II
S0234,case,397.9,1,62.1,II
S0235,control,512.7,0,52.9,II
S0236,control,479.8,1,59.2,III
S0237,case,167.0,1,65.7,I
S0238,case,200.8,0,60.8,II
S0239,control,195.1,1,67.2,II
S0240,case,19.7,1,80.6,III
S0241,case,146.1,1,62.7,III
S0242,case,6.0,1,67.4,I
S0243,control,41.1,1,76.6,I
S0244,control,524.9,0,74.2,III
S0245,case,115.5,1,53.5,III
S0246,control,637.0,0,43.1,II
S0247,control,450.9,0,54.6,I
S0248,control,681.2,1,79.1,II
S0249,case,90.3,1,61.2,III
S0250,case,437.5,1,73.3,II
S0251,case,355.1,1,53.7,II
S0252,case,236.2,1,46.6,I
S0253,control,504.2,0,43.2,I
S0254,control,312.9,0,55.7,III
S0255,control,294.4,0,58.4,II
S0256,control,625.5,0,60.4,II
S0257,case,536.7,0,69.6,III
S0258,control,200.0,1,59.9,II
S0259,control,367.1,0,56.2,I
S0260,case,273.8,1,64.3,III
S0261,control,281.8,1,61.3,II
S0262,case,114.4,1,68.7,II
S0263,control,176.5,1,46.1,II
S0264,case,660.0,0,52.8,II
S0265,case,304.5,0,60.4,II
S0266,case,849.8,1,41.3,II
S0267,control,340.2,1,63.3,III
S0268,control,39.2,1,62.6,II
S0269,case,227.7,0,59.0,I
S0270,control,101.3,1,59.1,I
S0271,control,458.2,1,64.1,III
S0272,case,689.2,0,65.5,III
S0273,control,452.8,0,69.5,II
S0274,control,161.5,1,53.9,II
S0275,case,319.2,0,83.2,III
S0276,control,392.8,1,58.1,III
S0277,control,537.1,0,60.9,I
S0278,case,307.0,0,69.5,III
S0279,control,592.0,0,80.5,I
S0280,control,238.1,0,57.8,I
S0281,case,402.0,1,71.5,III
S0282,case,645.4,1,56.6,II
S0283,control,726.1,0,76.1,III
S0284,case,311.1,1,52.8,II
S0285,control,80.1,1,56.7,II
S0286,control,339.5,0,60.8,III
S0287,control,1062.1,0,54.1,I
S0288,control,684.1,0,52.1,I
S0289,case,315.7,0,63.8,III
S0290,case,40.7,1,66.3,III
S0291,case,3.1,1,56.3,II
S0292,control,271.2,1,61.3,II
S0293,case,435.7,1,68.3,I
S0294,control,6.2,1,60.8,I
S0295,case,547.4,0,64.8,I
S0296,control,528.3,0,47.3,III
S0297,control,285.2,1,66.0,II
S0298,case,84.2,1,51.8,II
S0299,control,121.8,1,58.6,III
S0300,control,516.4,0,55.6,I
S0301,case,277.1,1,55.8,III
S0302,case,386.7,0,52.7,I
S0303,case,224.0,1,70.3,I
S0304,case,328.8,0,47.2,I
S0305,case,144.2,1,56.0,III
S0306,control,356.0,0,60.2,II
S0307,control,588.5,0,64.1,I
S0308,control,59.4,1,71.0,III
S0309,control,272.1,0,70.6,I
S0310,case,150.3,1,53.0,III
S0311,case,733.4,1,63.4,I
S0312,case,129.0,1,57.6,I
S0313,case,451.1,1,61.7,III
S0314,control,487.3,0,66.3,II
S0315,case,35.4,1,58.5,III
S0316,case,291.7,0,50.2,II
S0317,case,435.4,1,64.4,III
S0318,control,213.2,0,39.0,I
S0319,control,165.9,1,72.5,I
S0320,control,604.1,0,67.4,III
S0321,case,562.2,1,62.5,II
S0322,control,205.2,0,57.0,III
S0323,case,224.9,1,60.4,III
S0324,case,757.2,0,67.0,II
S0325,case,128.1,1,72.4,II
S0326,case,68.8,1,66.3,I
S0327,control,730.1,0,52.6,I
S0328,control,761.1,0,77.7,I
S0329,control,582.6,0,60.2,II
S0330,case,491.7,1,73.8,III
S0331,control,290.8,1,65.1,II
S0332,control,204.9,1,74.6,I
S0333,control,396.5,0,70.0,I
S0334,control,445.3,1,70.0,II
S0335,control,1016.8,0,71.3,II
S0336,control,244.4,1,65.9,I
S0337,control,782.4,0,67.5,I
S0338,control,230.1,1,82.3,I
S0339,control,164.5,1,48.2,III
S0340,control,97.1,1,62.6,I
S0341,case,278.2,0,59.7,I
S0342,control,497.7,0,65.7,I
S0343,control,677.8,0,61.1,II
S0344,control,537.5,0,51.6,II
S0345,case,238.1,1,56.9,III
S0346,control,24.6,1,70.8,III
S0347,control,58.8,1,57.3,I
S0348,case,379.2,1,57.0,II
S0349,case,33.4,1,73.9,I
S0350,control,220.2,1,66.9,III
S0351,control,785.9,0,45.0,III
S0352,case,77.5,1,57.6,II
S0353,control,605.7,0,62.0,I
S0354,control,89.9,1,52.5,I
S0355,case,170.6,1,51.6,III
S0356,case,468.1,0,62.4,II
S0357,control,214.6,0,66.6,II
S0358,control,461.1,0,48.9,III
S0359,case,139.1,1,60.2,I
S0360,case,282.0,1,68.1,I
S0361,case,589.7,0,46.7,II
S0362,control,221.1,0,42.1,II
S0363,case,554.9,1,61.5,II
S0364,control,114.6,1,79.5,II
S0365,control,205.2,1,62.7,III
S0366,control,32.9,1,61.3,II
S0367,case,237.8,1,61.5,II
S0368,control,872.2,0,48.8,I
S0369,control,698.3,0,68.2,III
S0370,case,113.9,1,61.8,I
S0371,case,263.4,1,65.4,II
S0372,case,110.4,1,68.9,I
S0373,control,182.8,1,56.8,I
S0374,control,343.8,0,55.9,II
S0375,control,201.2,0,61.0,I
S0376,control,114.5,1,62.6,II
S0377,control,7.0,1,68.6,II
S0378,control,375.1,0,56.3,I
S0379,control,232.6,1,70.1,I
S0380,case,99.8,1,62.6,II
S0381,control,392.8,1,62.0,I
S0382,control,435.9,1,64.2,II
S0383,control,181.7,1,60.4,II
S0384,case,320.5,1,60.9,III
S0385,case,560.6,0,71.8,I
S0386,control,150.6,1,59.3,I
S0387,case,166.2,1,73.5,III
S0388,control,777.9,0,56.6,II
S0389,case,28.7,1,53.5,II
S0390,control,86.5,1,56.9,I
S0391,case,523.1,0,57.0,II
S0392,case,8.6,1,63.7,III
S0393,case,326.3,1,63.7,II
S0394,control,36.0,1,53.4,II
S0395,control,309.2,0,71.6,I
S0396,case,342.1,1,55.7,III
S0397,case,205.2,1,73.9,I
S0398,case,512.7,1,70.9,II
S0399,case,398.3,0,42.4,II
