sample_id,stratum,arm,outcome,age_years
S0000,S1,control,0,39.7
S0001,S1,control,0,57.3
S0002,S1,control,1,55.1
S0003,S1,control,1,57.3
S0004,S1,control,1,55.8
S0005,S1,control,0,33.9
S0006,S1,control,1,80.0
S0007,S1,control,1,77.9
S0008,S1,control,1,47.3
S0009,S1,control,1,57.1
S0010,S1,control,0,51.7
S0011,S1,control,1,61.9
S0012,S1,control,0,57.7
S0013,S1,control,1,53.0
S0014,S1,control,1,48.3
S0015,S1,control,1,55.1
S0016,S1,control,1,71.2
S0017,S1,control,0,68.9
S0018,S1,control,0,61.7
S0019,S1,control,1,47.8
S0020,S1,control,0,57.9
S0021,S1,control,0,65.3
S0022,S1,control,1,62.8
S0023,S1,control,1,63.6
S0024,S1,control,0,63.7
S0025,S1,control,1,35.5
S0026,S1,control,1,84.1
S0027,S1,control,1,52.6
S0028,S1,control,1,69.1
S0029,S1,control,0,67.2
S0030,S1,control,1,67.2
S0031,S1,control,0,51.9
S0032,S1,control,1,59.7
S0033,S1,control,0,53.4
S0034,S1,control,0,66.0
S0035,S1,control,0,49.3
S0036,S1,control,0,62.3
S0037,S1,control,1,73.4
S0038,S1,control,1,57.3
S0039,S1,control,1,57.0
S0040,S1,control,1,55.0
S0041,S1,control,1,71.7
S0042,S1,control,1,49.7
S0043,S1,control,0,61.4
S0044,S1,control,1,55.1
S0045,S1,control,1,51.6
S0046,S1,control,1,60.2
S0047,S1,control,1,56.0
S0048,S1,control,0,51.8
S0049,S1,control,1,72.3
S0050,S1,control,1,60.7
S0051,S1,control,1,52.3
S0052,S1,control,1,44.1
S0053,S1,control,1,72.6
S0054,S1,control,1,56.8
S0055,S1,control,1,60.9
S0056,S1,control,1,62.5
S0057,S1,control,0,70.8
S0058,S1,control,1,69.7
S0059,S1,control,1,58.3
S0060,S1,control,1,65.9
S0061,S1,control,1,64.3
S0062,S1,control,1,61.2
S0063,S1,control,1,53.7
S0064,S1,control,0,47.6
S0065,S1,control,1,58.3
S0066,S1,control,1,49.7
S0067,S1,control,0,61.4
S0068,S1,control,1,47.9
S0069,S1,control,1,75.5
S0070,S1,control,0,46.1
S0071,S1,control,1,81.1
S0072,S1,control,1,68.8
S0073,S1,control,1,69.4
S0074,S1,control,1,56.4
S0075,S1,control,1,55.1
S0076,S1,control,1,58.2
S0077,S1,control,1,63.8
S0078,S1,control,1,53.9
S0079,S1,control,1,63.4
S0080,S1,control,1,58.9
S0081,S1,control,1,55.6
S0082,S1,control,1,52.9
S0083,S1,control,1,48.7
S0084,S1,control,1,58.4
S0085,S1,control,1,73.9
S0086,S1,control,1,56.2
S0087,S1,control,1,54.1
S0088,S1,control,1,77.8
S0089,S1,control,0,66.4
S0090,S1,control,1,56.6
S0091,S1,control,1,63.0
S0092,S1,control,1,80.4
S0093,S1,control,1,64.3
S0094,S1,control,1,59.4
S0095,S1,control,0,62.4
S0096,S1,control,1,54.5
S0097,S1,control,1,31.5
S0098,S1,control,1,67.4
S0099,S1,control,1,67.1
S0100,S1,control,0,71.7
S0101,S1,control,0,68.4
S0102,S1,control,1,48.6
S0103,S1,control,1,65.3
S0104,S1,control,0,52.7
S0105,S1,control,1,51.6
S0106,S1,control,1,65.3
S0107,S1,control,1,66.1
S0108,S1,control,1,71.5
S0109,S1,control,1,59.0
S0110,S1,control,0,62.7
S0111,S1,control,1,56.0
S0112,S1,control,1,47.4
S0113,S1,control,1,63.6
S0114,S1,control,1,66.5
S0115,S1,control,0,79.3
S0116,S1,control,1,65.8
S0117,S1,control,0,46.8
S0118,S1,control,1,50.8
S0119,S1,control,1,36.0
S0120,S1,control,1,47.5
S0121,S1,control,1,52.8
S0122,S1,control,0,51.8
S0123,S1,control,0,71.1
S0124,S1,control,0,49.8
S0125,S1,control,1,58.9
S0126,S1,control,1,59.5
S0127,S1,control,1,75.5
S0128,S1,control,1,70.6
S0129,S1,control,1,31.1
S0130,S1,control,1,51.2
S0131,S1,control,1,80.1
S0132,S1,control,0,45.6
S0133,S1,control,1,64.1
S0134,S1,control,1,66.3
S0135,S1,control,1,67.2
S0136,S1,control,1,48.8
S0137,S1,control,1,50.5
S0138,S1,control,0,65.9
S0139,S1,control,1,67.2
S0140,S1,control,0,55.4
S0141,S1,control,0,54.6
S0142,S1,control,1,61.9
S0143,S1,control,1,76.0
S0144,S1,control,1,36.5
S0145,S1,control,1,50.8
S0146,S1,control,0,54.2
S0147,S1,control,1,49.2
S0148,S1,control,1,39.6
S0149,S1,control,1,46.1
S0150,S1,control,1,72.1
S0151,S1,control,1,60.1
S0152,S1,control,0,68.9
S0153,S1,control,1,68.6
S0154,S1,control,1,48.4
S0155,S1,control,0,64.6
S0156,S1,control,1,74.1
S0157,S1,control,0,73.7
S0158,S1,control,1,71.7
S0159,S1,control,1,49.6
S0160,S1,control,0,62.6
S0161,S1,control,1,58.8
S0162,S1,control,1,63.6
S0163,S1,control,0,50.5
S0164,S1,control,1,59.2
S0165,S1,control,1,74.4
S0166,S1,control,1,53.1
S0167,S1,control,0,55.0
S0168,S1,control,1,71.1
S0169,S1,control,1,40.6
S0170,S1,control,1,69.7
S0171,S1,control,1,46.2
S0172,S1,control,1,62.8
S0173,S1,control,1,49.3
S0174,S1,control,1,58.5
S0175,S1,control,1,53.6
S0176,S1,control,0,63.7
S0177,S1,control,1,50.5
S0178,S1,control,0,59.7
S0179,S1,control,1,48.7
S0180,S1,case,1,66.6
S0181,S1,case,1,68.0
S0182,S1,case,1,50.0
S0183,S1,case,1,51.8
S0184,S1,case,1,37.5
S0185,S1,case,1,68.8
S0186,S1,case,1,68.0
S0187,S1,case,1,64.7
S0188,S1,case,1,60.1
S0189,S1,case,1,58.2
S0190,S1,case,1,84.0
S0191,S1,case,0,62.6
S0192,S1,case,1,79.9
S0193,S1,case,1,60.5
S0194,S1,case,1,49.9
S0195,S1,case,1,60.5
S0196,S1,case,1,66.3
S0197,S1,case,1,61.2
S0198,S1,case,1,57.0
S0199,S1,case,1,63.4
S0200,S2,control,0,57.1
S0201,S2,control,1,59.4
S0202,S2,control,0,46.8
S0203,S2,control,0,41.3
S0204,S2,control,0,55.2
S0205,S2,control,0,61.8
S0206,S2,control,0,47.5
S0207,S2,control,0,62.0
S0208,S2,control,1,53.6
S0209,S2,control,0,74.2
S0210,S2,control,0,59.5
S0211,S2,control,0,64.7
S0212,S2,control,0,79.3
S0213,S2,control,0,74.1
S0214,S2,control,1,65.1
S0215,S2,control,0,61.5
S0216,S2,control,0,58.5
S0217,S2,control,0,54.0
S0218,S2,control,1,63.2
S0219,S2,control,0,37.1
S0220,S2,case,0,68.3
S0221,S2,case,0,77.6
S0222,S2,case,1,61.8
S0223,S2,case,0,53.6
S0224,S2,case,0,70.1
S0225,S2,case,1,53.9
S0226,S2,case,0,63.5
S0227,S2,case,0,45.2
S0228,S2,case,0,59.5
S0229,S2,case,1,72.1
S0230,S2,case,0,68.3
S0231,S2,case,0,42.3
S0232,S2,case,1,47.2
S0233,S2,case,0,73.0
S0234,S2,case,0,75.1
S0235,S2,case,1,48.7
S0236,S2,case,0,53.1
S0237,S2,case,0,55.7
S0238,S2,case,0,54.2
S0239,S2,case,1,54.1
S0240,S2,case,1,49.8
S0241,S2,case,0,74.6
S0242,S2,case,0,53.7
S0243,S2,case,0,52.3
S0244,S2,case,0,71.9
S0245,S2,case,0,53.9
S0246,S2,case,0,65.8
S0247,S2,case,0,59.9
S0248,S2,case,1,62.5
S0249,S2,case,0,72.1
S0250,S2,case,0,69.2
S0251,S2,case,0,68.4
S0252,S2,case,0,60.2
S0253,S2,case,0,53.9
S0254,S2,case,0,77.3
S0255,S2,case,1,57.4
S0256,S2,case,0,71.0
S0257,S2,case,0,72.4
S0258,S2,case,1,73.9
S0259,S2,case,0,51.4
S0260,S2,case,1,49.8
S0261,S2,case,0,32.8
S0262,S2,case,0,59.8
S0263,S2,case,0,60.8
S0264,S2,case,0,54.5
S0265,S2,case,0,66.6
S0266,S2,case,0,59.9
S0267,S2,case,0,70.4
S0268,S2,case,1,63.8
S0269,S2,case,0,57.9
S0270,S2,case,0,51.2
S0271,S2,case,0,73.4
S0272,S2,case,0,78.5
S0273,S2,case,1,68.7
S0274,S2,case,1,62.8
S0275,S2,case,0,53.9
S0276,S2,case,0,70.4
S0277,S2,case,0,51.9
S0278,S2,case,1,68.5
S0279,S2,case,0,47.3
S0280,S2,case,0,66.1
S0281,S2,case,0,80.5
S0282,S2,case,0,69.0
S0283,S2,case,0,40.1
S0284,S2,case,0,50.8
S0285,S2,case,1,61.1
S0286,S2,case,0,62.4
S0287,S2,case,1,71.6
S0288,S2,case,0,52.8
S0289,S2,case,0,65.8
S0290,S2,case,0,59.1
S0291,S2,case,0,55.8
S0292,S2,case,0,50.9
S0293,S2,case,1,49.7
S0294,S2,case,0,71.6
S0295,S2,case,1,52.8
S0296,S2,case,0,68.1
S0297,S2,case,0,58.5
S0298,S2,case,0,74.5
S0299,S2,case,0,43.1
S0300,S2,case,0,55.7
S0301,S2,case,0,52.8
S0302,S2,case,0,64.8
S0303,S2,case,0,63.1
S0304,S2,case,1,59.9
S0305,S2,case,1,75.3
S0306,S2,case,1,51.1
S0307,S2,case,0,41.5
S0308,S2,case,0,54.5
S0309,S2,case,0,63.1
S0310,S2,case,0,66.9
S0311,S2,case,0,57.9
S0312,S2,case,0,58.4
S0313,S2,case,0,65.8
S0314,S2,case,1,58.3
S0315,S2,case,0,54.1
S0316,S2,case,1,58.7
S0317,S2,case,0,44.0
S0318,S2,case,1,61.5
S0319,S2,case,1,76.7
S0320,S2,case,0,52.5
S0321,S2,case,0,54.8
S0322,S2,case,0,65.9
S0323,S2,case,0,71.2
S0324,S2,case,1,60.8
S0325,S2,case,0,61.7
S0326,S2,case,0,61.3
S0327,S2,case,1,60.5
S0328,S2,case,0,54.3
S0329,S2,case,0,49.8
S0330,S2,case,0,79.3
S0331,S2,case,0,75.9
S0332,S2,case,1,53.3
S0333,S2,case,1,63.1
S0334,S2,case,0,48.1
S0335,S2,case,0,53.0
S0336,S2,case,0,71.0
S0337,S2,case,0,36.4
S0338,S2,case,0,62.1
S0339,S2,case,1,53.5
S0340,S2,case,0,78.1
S0341,S2,case,0,70.2
S0342,S2,case,0,65.4
S0343,S2,case,1,47.5
S0344,S2,case,0,57.3
S0345,S2,case,1,57.0
S0346,S2,case,0,84.7
S0347,S2,case,0,63.0
S0348,S2,case,0,49.9
S0349,S2,case,0,68.2
S0350,S2,case,0,37.5
S0351,S2,case,1,34.9
S0352,S2,case,1,44.2
S0353,S2,case,0,63.1
S0354,S2,case,0,55.0
S0355,S2,case,0,68.0
S0356,S2,case,0,35.5
S0357,S2,case,0,59.3
S0358,S2,case,0,62.3
S0359,S2,case,1,51.1
S0360,S2,case,0,47.8
S0361,S2,case,0,54.9
S0362,S2,case,0,63.8
S0363,S2,case,1,73.4
S0364,S2,case,0,67.9
S0365,S2,case,1,58.2
S0366,S2,case,1,43.1
S0367,S2,case,0,46.9
S0368,S2,case,0,71.5
S0369,S2,case,0,75.9
S0370,S2,case,0,32.7
S0371,S2,case,0,65.4
S0372,S2,case,0,70.3
S0373,S2,case,0,43.7
S0374,S2,case,1,67.4
S0375,S2,case,0,47.4
S0376,S2,case,0,65.2
S0377,S2,case,0,43.0
S0378,S2,case,0,75.2
S0379,S2,case,0,66.0
S0380,S2,case,0,71.4
S0381,S2,case,1,49.2
S0382,S2,case,1,51.5
S0383,S2,case,1,44.1
S0384,S2,case,0,59.8
S0385,S2,case,0,60.7
S0386,S2,case,1,61.3
S0387,S2,case,0,62.6
S0388,S2,case,0,61.6
S0389,S2,case,1,62.1
S0390,S2,case,0,60.8
S0391,S2,case,0,57.6
S0392,S2,case,0,75.5
S0393,S2,case,0,70.1
S0394,S2,case,0,57.3
S0395,S2,case,0,66.0
S0396,S2,case,0,61.3
S0397,S2,case,0,65.7
S0398,S2,case,0,55.0
S0399,S2,case,0,72.1
