sample_id,arm,tiny_arm,site,prob_bad,count_bad,pct_bad,qc,value
S0000,case,rare,B,1.4,19.0,79.9,0.52,-0.255
S0001,control,rare,A,-0.2,36.0,91.0,0.287,2.08
S0002,case,rare,B,0.4187,-5.0,70.2,0.203,-1.005
S0003,control,mid,A,0.2868,-1.0,72.5,0.808,-1.002
S0004,control,big,A,0.1444,23.0,150.0,0.19,0.837
S0005,case,mid,B,0.2399,38.0,47.9,0.428,-0.525
S0006,control,mid,A,0.1968,26.0,57.0,0.404,1.256
S0007,control,mid,A,0.1365,25.0,10.1,0.443,0.305
S0008,control,mid,A,0.1549,28.0,67.8,0.12,-0.182
S0009,case,big,B,0.1117,30.0,80.4,0.538,-0.44
S0010,control,big,A,0.3388,26.0,15.1,0.992,0.131
S0011,control,mid,A,0.1807,32.0,45.7,0.474,-1.737
S0012,case,mid,B,0.0527,29.0,32.6,0.019,1.678
S0013,control,mid,A,0.2245,21.0,50.7,0.482,-0.954
S0014,control,big,A,0.1174,33.0,27.1,0.547,-1.924
S0015,case,big,B,0.4832,37.0,87.5,0.323,-0.296
S0016,case,mid,B,0.2395,34.0,17.9,0.272,0.451
S0017,control,big,A,0.2048,28.0,11.7,0.372,-0.053
S0018,control,big,A,0.244,29.0,71.6,0.703,-1.502
S0019,case,big,B,0.0816,24.0,47.1,0.194,0.643
S0020,case,big,B,0.3951,36.0,84.8,0.011,0.673
S0021,control,big,A,0.0962,40.0,81.6,0.208,-0.298
S0022,control,mid,A,0.0889,31.0,62.0,0.014,-0.906
S0023,control,mid,A,0.1794,23.0,82.0,0.924,0.275
S0024,case,big,B,0.3581,28.0,84.8,0.348,1.758
S0025,control,mid,A,0.6187,25.0,52.0,0.193,0.332
S0026,control,big,B,0.1222,25.0,28.6,0.804,0.276
S0027,control,big,A,0.2498,32.0,65.4,0.965,-0.08
S0028,control,big,A,0.2387,32.0,53.0,0.04,1.666
S0029,control,mid,A,0.0568,27.0,31.0,0.756,-0.068
S0030,case,big,B,0.1671,23.0,40.5,0.396,-0.387
S0031,control,mid,B,0.5614,25.0,56.4,0.83,-0.958
S0032,control,big,A,0.3335,21.0,4.9,0.853,1.346
S0033,control,mid,A,0.2502,36.0,92.3,0.951,2.154
S0034,case,big,B,0.3543,32.0,32.1,0.076,-0.471
S0035,control,big,A,0.0961,33.0,60.4,0.957,0.194
S0036,control,mid,A,0.1262,37.0,42.2,0.767,1.699
S0037,control,big,A,0.4472,40.0,5.6,0.084,-1.291
S0038,control,mid,B,0.506,30.0,54.0,0.482,-1.577
S0039,control,big,A,0.3949,25.0,55.7,0.748,-1.578
S0040,control,big,A,0.2491,35.0,76.6,0.053,1.066
S0041,control,big,A,0.3122,26.0,20.8,0.187,1.463
S0042,control,big,B,0.1002,21.0,58.0,0.211,0.486
S0043,control,big,A,0.1195,25.0,53.8,0.661,-0.845
S0044,control,mid,A,0.0658,31.0,19.3,0.711,1.263
S0045,case,mid,B,0.1802,28.0,47.5,0.25,-0.926
S0046,control,mid,A,0.0873,27.0,12.9,0.571,-1.913
S0047,control,mid,B,0.22,29.0,90.3,0.6,0.218
S0048,control,big,A,0.1747,26.0,34.0,0.643,-2.388
S0049,case,mid,B,0.3258,23.0,85.0,0.44,0.032
S0050,control,mid,A,0.1051,27.0,82.7,0.531,1.519
S0051,control,big,A,0.0668,29.0,18.3,0.225,0.924
S0052,control,mid,A,0.1362,42.0,42.4,0.411,0.024
S0053,control,mid,A,0.6165,42.0,94.8,0.836,2.306
S0054,case,mid,B,0.0346,23.0,89.2,0.135,-0.941
S0055,control,mid,A,0.063,36.0,17.1,0.163,-0.017
S0056,control,big,A,0.4427,27.0,86.7,0.209,-0.345
S0057,case,big,B,0.3284,29.0,50.7,0.013,0.572
S0058,control,mid,B,0.252,30.0,24.5,0.979,0.647
S0059,control,mid,A,0.1854,27.0,59.5,0.607,-0.698
S0060,control,mid,A,0.2934,32.0,10.2,0.744,-0.493
S0061,control,mid,A,0.3367,29.0,46.7,0.263,-0.723
S0062,control,big,A,0.1064,37.0,18.5,0.784,1.354
S0063,control,mid,A,0.3493,27.0,51.9,0.606,0.153
S0064,control,big,A,0.3303,25.0,60.6,0.908,-0.003
S0065,case,mid,B,0.2837,30.0,11.8,0.109,-1.302
S0066,control,big,A,0.099,37.0,75.6,0.377,1.265
S0067,control,mid,A,0.2321,39.0,71.5,0.037,0.372
S0068,case,mid,B,0.237,20.0,61.5,0.538,-0.275
S0069,control,big,A,0.2726,25.0,64.7,0.094,1.211
S0070,control,mid,A,0.0858,27.0,76.0,0.39,-0.711
S0071,control,mid,A,0.2099,39.0,22.2,0.114,-1.361
S0072,control,big,A,0.2488,29.0,5.9,0.708,-0.309
S0073,case,mid,B,0.3764,20.0,98.0,0.335,2.003
S0074,case,big,A,0.1597,28.0,2.2,0.108,-0.322
S0075,case,big,A,0.031,31.0,45.6,0.28,1.11
S0076,control,mid,A,0.1365,28.0,81.6,0.652,0.207
S0077,control,big,A,0.2735,27.0,93.6,0.859,0.441
S0078,control,big,B,0.3433,32.0,98.4,0.359,0.633
S0079,control,big,A,0.6192,36.0,17.9,0.426,-0.204
S0080,control,big,A,0.3557,32.0,32.1,0.29,-2.003
S0081,control,mid,A,0.4667,32.0,64.3,0.712,0.416
S0082,case,big,B,0.1088,28.0,67.0,0.423,0.442
S0083,control,mid,A,0.0718,32.0,75.2,0.066,-0.049
S0084,control,mid,A,0.3517,24.0,17.3,0.658,-0.654
S0085,case,big,A,0.0832,26.0,29.7,0.381,-0.509
S0086,case,mid,B,0.1923,25.0,7.5,0.201,0.269
S0087,control,big,A,0.2426,43.0,0.8,0.246,-0.132
S0088,case,mid,A,0.5068,35.0,25.4,0.287,-1.179
S0089,case,mid,B,0.1406,31.0,18.4,0.066,1.214
S0090,case,mid,B,0.1188,28.0,55.7,0.206,0.332
S0091,control,big,A,0.1424,29.0,57.6,0.043,1.394
S0092,control,mid,A,0.2062,33.0,4.6,0.109,-1.334
S0093,case,mid,B,0.1116,22.0,96.1,0.485,-0.031
S0094,control,big,B,0.1784,34.0,51.1,0.994,-0.969
S0095,control,big,A,0.1364,27.0,23.7,0.11,-0.781
S0096,control,big,A,0.2011,25.0,50.3,0.835,0.03
S0097,control,mid,A,0.2207,30.0,5.2,0.542,-0.921
S0098,control,big,A,0.2777,31.0,21.8,0.58,-1.883
S0099,control,mid,A,0.1428,29.0,36.1,0.953,-0.489
S0100,control,big,A,0.0881,31.0,50.8,0.255,-0.986
S0101,case,big,B,0.1477,30.0,64.3,0.43,0.407
S0102,control,big,A,0.4847,24.0,17.6,0.518,-0.403
S0103,control,mid,A,0.0851,30.0,28.6,0.196,0.133
S0104,control,mid,A,0.5556,33.0,89.5,0.634,-1.995
S0105,control,mid,A,0.3811,22.0,35.6,0.456,-0.238
S0106,control,mid,A,0.3502,32.0,57.9,0.609,-1.717
S0107,control,big,A,0.0529,32.0,31.4,0.13,-0.504
S0108,control,big,A,0.0639,35.0,2.3,0.495,-0.941
S0109,control,mid,A,0.1041,31.0,29.5,0.859,-0.438
S0110,case,big,B,0.0958,25.0,69.1,0.287,1.027
S0111,control,big,A,0.0401,23.0,2.3,0.354,-1.236
S0112,control,big,A,0.3366,34.0,70.8,0.96,0.116
S0113,control,big,A,0.1343,31.0,84.3,0.74,-0.442
S0114,control,big,A,0.4217,24.0,91.4,0.652,0.312
S0115,case,mid,B,0.4725,25.0,53.1,0.536,-0.237
S0116,case,big,A,0.2209,19.0,16.4,0.425,0.673
S0117,control,big,B,0.4617,33.0,4.2,0.482,0.215
S0118,control,big,A,0.1745,26.0,76.3,0.734,1.069
S0119,control,big,A,0.4487,33.0,35.5,0.004,-0.127
S0120,control,big,A,0.2579,35.0,64.0,0.704,-0.611
S0121,control,mid,A,0.3371,37.0,92.4,0.744,-0.363
S0122,control,big,B,0.0791,30.0,64.2,0.581,-0.401
S0123,case,big,B,0.0876,34.0,8.2,0.291,-0.097
S0124,control,big,A,0.1355,28.0,63.1,0.048,-0.865
S0125,control,mid,B,0.499,33.0,37.5,0.155,0.402
S0126,control,mid,A,0.1414,32.0,88.4,0.144,1.171
S0127,case,mid,B,0.102,19.0,31.3,0.374,-0.803
S0128,case,big,A,0.09,27.0,91.1,0.08,0.16
S0129,control,mid,A,0.0633,29.0,7.0,0.925,2.096
S0130,case,big,B,0.1418,27.0,18.5,0.357,-0.277
S0131,control,big,A,0.3764,21.0,59.7,0.329,1.06
S0132,control,big,A,0.092,32.0,14.4,0.402,-2.068
S0133,control,mid,A,0.1805,32.0,22.9,0.456,0.464
S0134,control,big,A,0.1336,25.0,34.1,0.485,-1.623
S0135,control,mid,A,0.0685,38.0,75.7,0.666,-0.494
S0136,control,big,B,0.4502,37.0,99.1,0.257,1.151
S0137,case,big,B,0.2661,37.0,23.8,0.345,-0.432
S0138,control,big,A,0.383,32.0,94.5,0.196,-0.277
S0139,case,mid,B,0.0392,25.0,38.1,0.351,-0.586
S0140,control,big,B,0.3415,36.0,95.5,0.454,0.831
S0141,control,big,B,0.349,40.0,17.2,0.857,0.757
S0142,control,mid,A,0.4265,34.0,85.3,0.171,0.146
S0143,control,big,A,0.258,20.0,91.6,0.436,0.754
S0144,control,big,A,0.569,21.0,98.6,0.149,1.029
S0145,control,big,A,0.6995,27.0,54.1,0.937,-0.547
S0146,control,mid,A,0.1672,40.0,23.1,0.078,1.432
S0147,case,mid,B,0.1098,38.0,43.4,0.25,0.626
S0148,control,big,A,0.1586,35.0,33.0,0.426,1.654
S0149,control,mid,A,0.0886,41.0,6.9,0.824,0.351
S0150,control,mid,B,0.3634,26.0,41.9,0.519,-0.001
S0151,control,big,B,0.0581,31.0,73.9,0.332,-1.237
S0152,case,big,A,0.0965,34.0,61.0,0.484,-0.044
S0153,control,mid,A,0.1184,32.0,38.7,0.806,-2.067
S0154,case,big,B,0.3421,30.0,63.2,0.156,0.454
S0155,control,mid,A,0.1201,35.0,88.2,0.518,0.237
S0156,case,big,B,0.229,27.0,16.1,0.083,-1.136
S0157,control,mid,A,0.5136,31.0,88.0,0.19,0.083
S0158,control,big,A,0.3245,35.0,72.7,0.088,0.675
S0159,control,big,A,0.2511,29.0,67.5,0.212,0.941
S0160,control,big,A,0.3309,24.0,67.6,0.258,-0.267
S0161,control,big,A,0.0812,30.0,86.5,0.071,0.65
S0162,control,big,B,0.3748,40.0,94.9,0.577,-0.287
S0163,control,big,A,0.3709,26.0,47.6,0.234,-1.345
S0164,control,mid,A,0.3314,24.0,54.9,0.788,0.414
S0165,control,big,A,0.0547,21.0,33.6,0.649,-0.805
S0166,control,mid,A,0.3422,37.0,93.4,0.73,-1.8
S0167,control,big,A,0.274,35.0,58.8,0.288,0.879
S0168,case,mid,B,0.0962,28.0,49.3,0.422,0.207
S0169,control,mid,A,0.1141,42.0,12.8,0.778,-1.966
S0170,case,mid,B,0.1979,33.0,75.2,0.426,-0.624
S0171,control,big,A,0.1559,25.0,16.2,0.96,-2.483
S0172,control,big,A,0.0386,30.0,13.8,0.002,2.276
S0173,control,mid,B,0.0635,38.0,53.9,0.452,-1.02
S0174,control,mid,A,0.6941,34.0,85.3,0.818,0.096
S0175,control,big,A,0.361,30.0,23.3,0.196,0.611
S0176,control,mid,A,0.12,29.0,98.5,0.346,-2.113
S0177,case,big,B,0.2561,33.0,8.8,0.09,0.25
S0178,control,big,A,0.5601,28.0,14.8,0.227,0.085
S0179,case,mid,A,0.1124,22.0,98.3,0.482,0.197
S0180,control,mid,A,0.2648,41.0,84.7,0.838,1.276
S0181,case,big,B,0.331,32.0,74.4,0.515,1.587
S0182,control,big,A,0.0904,34.0,67.1,0.955,-1.128
S0183,control,mid,A,0.0143,30.0,64.6,0.662,1.033
S0184,case,mid,B,0.1352,33.0,9.7,0.514,-0.294
S0185,control,mid,A,0.1568,36.0,59.2,0.608,-0.239
S0186,control,big,A,0.1796,38.0,17.8,0.693,-0.082
S0187,control,mid,A,0.1142,30.0,50.3,0.633,0.897
S0188,control,big,A,0.1644,24.0,97.2,0.577,0.815
S0189,case,mid,B,0.2908,32.0,42.5,0.523,-0.31
S0190,case,mid,B,0.0988,27.0,83.3,0.165,0.549
S0191,case,mid,B,0.2962,29.0,62.2,0.476,1.132
S0192,case,big,B,0.4203,25.0,18.0,0.192,-1.442
S0193,control,big,A,0.288,29.0,77.8,0.448,-1.795
S0194,control,big,A,0.2231,38.0,16.5,0.696,0.411
S0195,case,mid,B,0.3008,22.0,7.4,0.321,-0.042
S0196,control,mid,B,0.4178,27.0,30.6,0.451,-0.818
S0197,control,big,B,0.1138,21.0,24.9,0.541,0.682
S0198,control,mid,A,0.1053,22.0,9.5,0.363,0.026
S0199,control,big,A,0.312,29.0,55.8,0.17,0.879
S0200,control,mid,A,0.1668,36.0,19.4,0.864,-1.866
S0201,control,mid,B,0.0468,35.0,71.6,0.821,1.905
S0202,control,mid,B,0.4049,30.0,68.6,0.784,-1.924
S0203,control,big,A,0.6633,28.0,67.6,0.104,-1.51
S0204,control,mid,A,0.3928,33.0,57.8,0.933,-1.091
S0205,case,big,B,0.3279,30.0,8.8,0.097,-0.297
S0206,case,big,B,0.3665,37.0,75.3,0.106,1.656
S0207,case,big,B,0.3277,26.0,67.3,0.041,1.032
S0208,control,big,A,0.3539,39.0,22.1,0.569,-1.495
S0209,case,mid,B,0.2048,35.0,7.9,0.072,0.209
S0210,case,big,A,0.1778,25.0,32.8,0.524,0.006
S0211,control,big,A,0.2082,27.0,38.4,0.374,-0.27
S0212,control,mid,A,0.303,34.0,68.9,0.455,0.377
S0213,control,mid,A,0.1715,29.0,69.7,0.083,-1.499
S0214,control,big,A,0.2281,31.0,41.4,0.491,0.48
S0215,control,mid,A,0.4105,27.0,36.6,0.911,-0.306
S0216,control,mid,A,0.3219,19.0,32.9,0.992,-0.046
S0217,control,big,A,0.3167,32.0,15.1,0.157,0.335
S0218,control,big,A,0.1547,21.0,86.8,0.334,-1.176
S0219,control,mid,A,0.141,43.0,13.3,0.742,-0.712
S0220,control,mid,A,0.2315,28.0,89.6,0.421,0.616
S0221,control,big,A,0.1363,29.0,85.3,0.325,0.806
S0222,control,mid,B,0.4468,28.0,87.4,0.507,1.799
S0223,control,big,B,0.1744,32.0,16.2,0.249,1.969
S0224,control,mid,A,0.1533,30.0,7.0,0.43,-0.11
S0225,control,mid,A,0.0528,23.0,25.6,0.833,-1.251
S0226,control,mid,A,0.2048,35.0,53.0,0.195,0.718
S0227,control,mid,A,0.2418,33.0,10.7,0.499,0.354
S0228,case,mid,B,0.1993,26.0,62.8,0.457,1.068
S0229,control,big,A,0.2178,29.0,67.6,0.613,1.57
S0230,control,big,A,0.299,27.0,65.7,0.885,2.114
S0231,control,mid,A,0.0575,27.0,51.1,0.19,-0.642
S0232,control,mid,A,0.1798,21.0,18.6,0.801,-1.415
S0233,case,big,B,0.5709,29.0,17.6,0.146,2.968
S0234,case,big,B,0.2209,27.0,41.6,0.482,-0.17
S0235,case,mid,B,0.1561,29.0,51.7,0.424,2.052
S0236,case,big,B,0.548,23.0,4.7,0.545,1.326
S0237,control,mid,A,0.0538,27.0,22.4,0.542,1.445
S0238,control,big,A,0.1661,29.0,43.7,0.3,0.862
S0239,control,big,A,0.2638,25.0,26.1,0.178,0.836
S0240,control,mid,A,0.1481,19.0,21.5,0.747,0.24
S0241,case,big,A,0.0942,42.0,3.0,0.461,-0.259
S0242,control,big,A,0.2193,39.0,96.8,0.852,-0.636
S0243,control,mid,A,0.3206,29.0,37.1,0.508,-0.909
S0244,control,mid,A,0.428,29.0,58.5,0.367,-0.543
S0245,case,big,B,0.1307,19.0,0.6,0.127,0.993
S0246,control,big,A,0.1051,31.0,49.5,0.276,0.565
S0247,case,mid,B,0.1334,28.0,62.8,0.025,0.033
S0248,case,mid,B,0.0477,29.0,45.0,0.115,-0.116
S0249,control,big,A,0.1853,29.0,78.6,0.277,2.395
S0250,control,mid,A,0.2464,25.0,72.3,0.911,1.103
S0251,control,mid,A,0.1613,30.0,27.5,0.453,-1.489
S0252,control,mid,B,0.1554,26.0,81.8,0.291,1.708
S0253,control,mid,B,0.6781,22.0,49.1,0.512,1.547
S0254,case,big,B,0.2586,31.0,91.7,0.128,-0.845
S0255,case,big,B,0.1929,30.0,1.8,0.246,0.226
S0256,control,mid,A,0.3557,26.0,35.2,0.182,1.211
S0257,control,big,A,0.3618,16.0,28.5,0.5,-0.956
S0258,case,big,B,0.1298,22.0,96.1,0.233,0.941
S0259,control,mid,A,0.3146,37.0,82.0,0.519,1.154
S0260,case,mid,B,0.3741,26.0,39.5,0.503,1.585
S0261,case,mid,B,0.145,29.0,81.2,0.141,0.911
S0262,control,big,B,0.3342,37.0,9.3,0.586,1.537
S0263,control,mid,A,0.3886,31.0,11.0,0.75,-0.663
S0264,control,big,A,0.2985,30.0,70.6,0.525,-1.553
S0265,control,big,A,0.2713,31.0,27.6,0.764,-1.066
S0266,control,big,B,0.2322,27.0,60.8,0.709,-1.035
S0267,case,big,B,0.1099,22.0,81.7,0.484,0.941
S0268,case,big,B,0.1497,24.0,52.5,0.347,0.651
S0269,control,mid,A,0.0884,23.0,60.3,0.29,-0.979
S0270,control,big,B,0.2396,30.0,57.9,0.92,1.002
S0271,control,mid,A,0.0598,25.0,69.1,0.7,0.276
S0272,control,mid,A,0.2619,41.0,93.8,0.887,-1.293
S0273,control,mid,A,0.0378,28.0,38.8,0.363,0.543
S0274,case,big,B,0.0771,32.0,5.7,0.429,0.535
S0275,control,mid,B,0.322,25.0,29.6,0.548,-1.647
S0276,case,big,B,0.1181,39.0,12.2,0.541,0.181
S0277,control,big,A,0.0387,29.0,15.9,0.788,-0.858
S0278,control,big,A,0.4236,37.0,90.8,0.333,-1.549
S0279,case,big,B,0.308,34.0,90.9,0.243,-0.948
S0280,control,mid,B,0.3525,29.0,25.0,0.441,0.528
S0281,control,mid,A,0.3799,30.0,71.5,0.415,0.397
S0282,control,big,B,0.1336,28.0,21.6,0.263,0.808
S0283,control,mid,B,0.1107,25.0,26.5,0.422,0.793
S0284,control,big,A,0.3705,35.0,89.1,0.356,-1.185
S0285,control,big,A,0.1506,39.0,87.9,0.822,1.596
S0286,control,mid,A,0.3747,30.0,34.0,0.472,0.013
S0287,control,big,A,0.0346,24.0,31.9,0.447,1.039
S0288,case,big,A,0.2025,37.0,80.8,0.133,0.067
S0289,control,big,A,0.2503,23.0,37.7,0.238,-1.021
S0290,control,mid,A,0.0652,38.0,20.0,0.562,-0.841
S0291,control,mid,A,0.3667,32.0,92.6,0.535,-0.27
S0292,case,big,B,0.0298,27.0,14.8,0.446,0.766
S0293,case,mid,B,0.1378,36.0,71.6,0.326,0.269
S0294,case,big,B,0.459,30.0,91.2,0.251,-0.753
S0295,control,mid,A,0.2432,35.0,98.6,0.739,-0.365
S0296,control,mid,A,0.0241,28.0,40.3,0.402,0.626
S0297,control,big,A,0.2031,32.0,11.0,0.772,-0.733
S0298,case,big,A,0.2678,33.0,65.8,0.521,-0.46
S0299,control,mid,B,0.2465,29.0,36.2,0.491,-0.424
S0300,case,mid,B,0.3117,30.0,6.4,0.515,0.036
S0301,control,big,A,0.2649,26.0,47.4,0.487,0.253
S0302,control,mid,A,0.1842,37.0,34.1,0.608,0.197
S0303,control,mid,B,0.6228,32.0,84.6,0.646,0.966
S0304,control,big,A,0.1775,30.0,32.0,0.398,0.886
S0305,case,big,B,0.1028,38.0,92.4,0.375,1.08
S0306,control,mid,A,0.2518,34.0,91.4,0.172,-1.095
S0307,case,mid,B,0.5457,26.0,77.7,0.526,0.782
S0308,control,big,A,0.0487,28.0,83.8,0.283,-0.037
S0309,control,big,A,0.2106,24.0,47.2,0.953,0.717
S0310,case,mid,B,0.1343,28.0,74.8,0.497,-0.695
S0311,control,big,B,0.1496,23.0,70.2,0.434,0.471
S0312,control,big,A,0.1228,25.0,97.5,0.958,0.9
S0313,case,mid,B,0.2941,37.0,49.9,0.257,-0.447
S0314,control,big,A,0.2092,37.0,82.6,0.992,-0.392
S0315,control,big,B,0.1751,39.0,58.0,0.437,-1.504
S0316,control,big,A,0.1409,21.0,52.2,0.684,-0.952
S0317,control,big,A,0.1952,33.0,71.8,0.887,0.122
S0318,case,big,B,0.0664,21.0,41.5,0.346,-0.116
S0319,control,mid,A,0.2243,30.0,80.5,0.688,0.227
S0320,control,big,A,0.2861,33.0,79.4,0.357,1.706
S0321,control,big,B,0.0471,21.0,81.0,0.467,-0.233
S0322,control,big,A,0.0218,42.0,25.0,0.832,0.607
S0323,control,big,A,0.2741,35.0,39.7,0.397,-1.193
S0324,control,mid,B,0.4301,42.0,26.4,0.586,-0.646
S0325,case,big,B,0.3253,19.0,86.4,0.286,-1.242
S0326,case,big,B,0.1577,27.0,23.0,0.27,-0.789
S0327,control,big,A,0.1238,21.0,93.5,0.094,1.551
S0328,control,big,A,0.3801,32.0,10.7,0.236,-1.514
S0329,control,mid,B,0.1184,34.0,45.9,0.121,0.298
S0330,case,big,B,0.0689,37.0,27.3,0.072,0.059
S0331,control,mid,B,0.0759,22.0,94.6,0.247,0.475
S0332,case,mid,B,0.2608,19.0,76.2,0.523,-1.531
S0333,control,mid,A,0.273,20.0,16.2,0.336,0.412
S0334,case,big,B,0.2532,22.0,5.3,0.377,0.345
S0335,control,mid,A,0.1951,31.0,9.7,0.867,-0.128
S0336,case,mid,A,0.1123,36.0,70.7,0.277,-0.819
S0337,control,mid,B,0.4254,30.0,11.6,0.968,-0.577
S0338,control,big,A,0.1832,35.0,52.5,0.135,1.389
S0339,control,mid,A,0.1265,29.0,99.4,0.408,0.557
S0340,control,mid,A,0.2893,26.0,90.2,0.175,-0.26
S0341,control,big,A,0.4088,26.0,34.1,0.494,-0.3
S0342,control,mid,A,0.2079,29.0,57.5,0.723,1.153
S0343,control,big,A,0.1398,41.0,78.3,0.847,0.1
S0344,case,big,B,0.2616,39.0,29.4,0.375,0.361
S0345,control,big,B,0.4176,30.0,17.6,0.989,1.615
S0346,case,big,B,0.1686,30.0,96.5,0.234,0.882
S0347,control,big,A,0.2796,40.0,23.7,0.988,0.488
S0348,control,big,A,0.2572,22.0,19.4,0.679,1.705
S0349,control,mid,A,0.3227,27.0,81.3,0.056,-0.904
S0350,control,mid,A,0.0996,25.0,80.0,0.43,0.85
S0351,control,big,A,0.2853,26.0,52.4,0.193,-1.72
S0352,control,big,A,0.1683,28.0,74.0,0.859,0.543
S0353,control,big,B,0.1381,33.0,24.3,0.111,0.745
S0354,control,mid,B,0.4299,28.0,81.8,0.002,-0.401
S0355,case,big,B,0.113,32.0,56.9,0.031,-0.754
S0356,case,big,B,0.0803,30.0,21.4,0.337,-0.514
S0357,control,mid,B,0.1677,28.0,7.6,0.181,-0.342
S0358,case,big,B,0.0857,31.0,76.5,0.29,2.059
S0359,control,big,A,0.1818,26.0,25.7,0.918,-1.126
S0360,control,mid,A,0.5139,35.0,44.4,0.024,-0.368
S0361,control,mid,A,0.2951,23.0,72.5,0.621,-1.508
S0362,control,big,A,0.2837,28.0,22.8,0.697,1.753
S0363,case,big,A,0.2775,28.0,29.6,0.287,0.731
S0364,control,mid,A,0.5091,30.0,38.5,0.119,0.93
S0365,case,mid,B,0.1856,26.0,59.9,0.073,1.205
S0366,control,mid,A,0.1277,26.0,81.2,0.132,-0.004
S0367,case,big,B,0.1252,33.0,83.2,0.288,0.975
S0368,control,mid,A,0.4398,25.0,78.8,0.438,-1.846
S0369,control,big,A,0.4887,26.0,58.8,0.678,0.083
S0370,case,big,B,0.4513,30.0,4.2,0.399,0.785
S0371,control,big,A,0.5376,28.0,73.2,0.023,-0.401
S0372,control,mid,A,0.2683,26.0,54.9,0.704,-1.242
S0373,control,big,B,0.353,32.0,67.2,0.283,1.746
S0374,control,big,A,0.2199,32.0,12.6,0.891,0.641
S0375,case,mid,B,0.3903,23.0,94.1,0.312,0.559
S0376,control,big,A,0.5208,39.0,48.5,0.167,0.296
S0377,control,big,B,0.1329,49.0,37.2,0.769,-0.244
S0378,control,big,A,0.2697,44.0,28.6,0.169,0.348
S0379,case,big,B,0.3408,26.0,48.6,0.073,1.059
S0380,case,mid,B,0.097,29.0,32.7,0.254,-0.413
S0381,control,big,A,0.0325,29.0,75.1,0.379,0.859
S0382,control,big,A,0.1336,35.0,39.5,0.511,-2.48
S0383,control,mid,A,0.3584,31.0,79.0,0.735,-0.974
S0384,control,mid,A,0.1561,24.0,40.5,0.513,1.117
S0385,control,big,A,0.1514,29.0,58.1,0.495,-1.796
S0386,case,mid,B,0.1021,25.0,93.6,0.007,0.117
S0387,control,mid,A,0.1515,33.0,27.4,0.98,0.476
S0388,control,big,B,0.2855,28.0,40.5,0.056,1.148
S0389,case,mid,B,0.0323,28.0,91.7,0.305,0.697
S0390,control,mid,A,0.0518,24.0,94.0,0.467,0.266
S0391,case,mid,A,0.4756,26.0,92.5,0.51,0.207
S0392,control,mid,A,0.6885,26.0,29.6,0.855,-0.066
S0393,control,mid,B,0.1392,20.0,23.8,0.512,-0.04
S0394,control,big,A,0.1633,29.0,4.0,0.573,-0.317
S0395,control,big,A,0.031,31.0,91.1,0.639,-0.066
S0396,control,big,A,0.1292,28.0,54.0,0.308,-0.084
S0397,control,big,A,0.6284,33.0,44.1,0.432,-0.71
S0398,control,big,A,0.257,34.0,17.6,0.933,0.04
S0399,control,mid,A,0.0833,34.0,44.8,0.362,-2.814
