sample_id,arm,batch,value
S0000,control,B1,0.805
S0001,control,B1,0.906
S0002,control,B1,-2.253
S0003,control,B1,0.193
S0004,control,B1,0.751
S0005,control,B1,-2.338
S0006,control,B1,0.483
S0007,control,B1,0.122
S0008,control,B1,1.508
S0009,control,B1,-1.175
S0010,control,B1,-0.719
S0011,control,B1,1.041
S0012,control,B1,-0.065
S0013,control,B1,1.882
S0014,control,B1,0.304
S0015,control,B1,-0.881
S0016,control,B1,0.297
S0017,control,B1,-0.35
S0018,control,B1,-1.472
S0019,control,B1,1.799
S0020,control,B1,2.24
S0021,control,B1,0.115
S0022,control,B1,0.403
S0023,control,B1,0.368
S0024,control,B1,-0.666
S0025,control,B1,-0.349
S0026,control,B1,-1.849
S0027,control,B1,-1.53
S0028,control,B1,-0.355
S0029,control,B1,0.833
S0030,control,B1,-0.229
S0031,control,B1,-2.192
S0032,control,B1,0.126
S0033,control,B1,1.471
S0034,control,B1,0.211
S0035,control,B1,-0.468
S0036,control,B1,-1.636
S0037,control,B1,-0.259
S0038,control,B1,-0.353
S0039,control,B1,-1.255
S0040,control,B1,1.307
S0041,control,B1,-0.223
S0042,control,B1,0.837
S0043,control,B1,0.291
S0044,control,B1,-0.992
S0045,control,B1,-0.697
S0046,control,B1,0.762
S0047,control,B1,-0.613
S0048,control,B1,0.019
S0049,control,B1,0.714
S0050,control,B1,-1.742
S0051,control,B1,0.188
S0052,control,B1,-0.111
S0053,control,B1,0.572
S0054,control,B1,1.682
S0055,control,B1,-1.828
S0056,control,B1,0.4
S0057,control,B1,0.477
S0058,control,B1,1.81
S0059,control,B1,1.09
S0060,control,B1,0.953
S0061,control,B1,0.237
S0062,control,B1,-0.505
S0063,control,B1,-0.84
S0064,control,B1,-0.302
S0065,control,B1,-1.219
S0066,control,B1,0.594
S0067,control,B1,-1.08
S0068,control,B1,-0.132
S0069,control,B1,-0.529
S0070,control,B1,-1.154
S0071,control,B1,0.118
S0072,control,B1,1.698
S0073,control,B1,0.427
S0074,control,B1,0.829
S0075,control,B1,0.735
S0076,control,B1,-0.698
S0077,control,B1,-0.578
S0078,control,B1,0.375
S0079,control,B1,1.266
S0080,control,B1,0.281
S0081,control,B1,-0.578
S0082,control,B1,-0.748
S0083,control,B1,0.899
S0084,control,B1,1.907
S0085,control,B1,-0.31
S0086,control,B1,1.598
S0087,control,B1,2.811
S0088,control,B1,-1.845
S0089,control,B1,-0.575
S0090,control,B1,-0.611
S0091,control,B1,0.449
S0092,control,B1,-0.478
S0093,control,B1,-0.242
S0094,control,B1,0.56
S0095,control,B1,0.256
S0096,control,B1,-0.484
S0097,control,B1,1.028
S0098,control,B1,-0.319
S0099,control,B1,-0.77
S0100,control,B1,-0.085
S0101,control,B1,-0.675
S0102,control,B1,-0.238
S0103,control,B1,-0.137
S0104,control,B1,0.098
S0105,control,B1,0.183
S0106,control,B1,-0.753
S0107,control,B1,0.008
S0108,control,B1,-1.435
S0109,control,B1,-0.473
S0110,control,B1,0.743
S0111,control,B1,-1.584
S0112,control,B1,0.562
S0113,control,B1,-0.291
S0114,control,B1,-1.015
S0115,control,B1,1.274
S0116,control,B1,0.838
S0117,control,B1,-1.355
S0118,control,B1,-0.677
S0119,control,B1,-0.07
S0120,control,B1,-0.018
S0121,control,B1,1.139
S0122,control,B1,-0.358
S0123,control,B1,-0.489
S0124,control,B1,0.525
S0125,control,B1,-0.194
S0126,control,B1,0.792
S0127,control,B1,0.343
S0128,control,B1,-0.181
S0129,control,B1,0.956
S0130,control,B1,0.197
S0131,control,B1,-1.092
S0132,control,B1,0.205
S0133,control,B2,-1.274
S0134,control,B2,0.628
S0135,control,B2,-0.389
S0136,control,B2,-1.512
S0137,case,B2,2.403
S0138,case,B2,-0.07
S0139,case,B2,-0.47
S0140,case,B2,-1.795
S0141,case,B2,1.064
S0142,control,B2,1.803
S0143,control,B2,0.767
S0144,case,B2,1.358
S0145,control,B2,0.079
S0146,case,B2,0.636
S0147,control,B2,-0.383
S0148,case,B2,0.884
S0149,control,B2,-1.153
S0150,control,B2,0.557
S0151,case,B2,1.352
S0152,control,B2,-1.452
S0153,case,B2,-0.024
S0154,control,B2,-0.267
S0155,case,B2,1.098
S0156,case,B2,-1.005
S0157,case,B2,1.465
S0158,control,B2,-0.226
S0159,case,B2,0.97
S0160,case,B2,1.737
S0161,control,B2,0.875
S0162,control,B2,2.077
S0163,case,B2,0.868
S0164,case,B2,0.146
S0165,control,B2,-1.37
S0166,case,B2,0.957
S0167,case,B2,1.096
S0168,control,B2,0.556
S0169,control,B2,1.043
S0170,control,B2,-1.893
S0171,control,B2,1.825
S0172,control,B2,1.985
S0173,case,B2,-0.52
S0174,control,B2,0.407
S0175,control,B2,1.34
S0176,control,B2,0.254
S0177,case,B2,0.065
S0178,control,B2,-0.65
S0179,control,B2,0.263
S0180,control,B2,0.166
S0181,case,B2,1.091
S0182,control,B2,-0.541
S0183,case,B2,0.39
S0184,case,B2,1.894
S0185,case,B2,-0.229
S0186,control,B2,0.85
S0187,case,B2,0.68
S0188,control,B2,-0.634
S0189,case,B2,1.422
S0190,case,B2,-1.404
S0191,control,B2,-0.343
S0192,case,B2,0.345
S0193,case,B2,2.159
S0194,control,B2,-0.106
S0195,control,B2,-1.038
S0196,case,B2,0.313
S0197,control,B2,-0.168
S0198,control,B2,-0.36
S0199,control,B2,0.365
S0200,case,B2,0.553
S0201,case,B2,-0.036
S0202,case,B2,1.257
S0203,case,B2,-1.17
S0204,case,B2,1.989
S0205,case,B2,1.378
S0206,control,B2,-0.332
S0207,case,B2,0.119
S0208,case,B2,1.013
S0209,case,B2,0.139
S0210,case,B2,1.457
S0211,control,B2,0.628
S0212,case,B2,-0.651
S0213,case,B2,0.169
S0214,case,B2,0.685
S0215,control,B2,1.504
S0216,case,B2,1.26
S0217,control,B2,1.407
S0218,case,B2,0.999
S0219,control,B2,1.354
S0220,case,B2,0.184
S0221,control,B2,0.355
S0222,case,B2,3.143
S0223,control,B2,-1.032
S0224,control,B2,-1.371
S0225,case,B2,0.536
S0226,case,B2,-0.576
S0227,control,B2,0.449
S0228,control,B2,-0.547
S0229,case,B2,2.643
S0230,control,B2,-0.048
S0231,case,B2,1.151
S0232,control,B2,0.087
S0233,case,B2,0.692
S0234,control,B2,0.975
S0235,case,B2,0.61
S0236,control,B2,-0.259
S0237,control,B2,0.025
S0238,control,B2,0.145
S0239,case,B2,1.812
S0240,case,B2,1.227
S0241,case,B2,-0.419
S0242,control,B2,-0.046
S0243,control,B2,0.497
S0244,case,B2,-1.425
S0245,control,B2,0.35
S0246,case,B2,-1.996
S0247,case,B2,1.671
S0248,control,B2,1.341
S0249,control,B2,2.114
S0250,case,B2,2.785
S0251,control,B2,-0.821
S0252,control,B2,0.596
S0253,control,B2,0.624
S0254,control,B2,-0.565
S0255,control,B2,0.272
S0256,control,B2,-0.695
S0257,case,B2,0.117
S0258,control,B2,0.507
S0259,case,B2,0.412
S0260,control,B2,0.607
S0261,case,B2,0.32
S0262,case,B2,2.468
S0263,control,B2,-0.109
S0264,control,B2,-0.776
S0265,control,B2,-0.686
S0266,control,B3,-0.754
S0267,control,B3,0.736
S0268,case,B3,0.914
S0269,control,B3,1.21
S0270,control,B3,0.304
S0271,control,B3,0.819
S0272,case,B3,0.826
S0273,case,B3,0.201
S0274,case,B3,0.884
S0275,case,B3,2.158
S0276,case,B3,-0.262
S0277,control,B3,-1.316
S0278,control,B3,-0.961
S0279,case,B3,-1.78
S0280,control,B3,-1.792
S0281,control,B3,1.101
S0282,control,B3,-1.27
S0283,control,B3,0.355
S0284,case,B3,1.594
S0285,case,B3,1.165
S0286,case,B3,-0.908
S0287,case,B3,0.718
S0288,case,B3,0.499
S0289,case,B3,0.175
S0290,case,B3,2.438
S0291,control,B3,-0.552
S0292,case,B3,0.553
S0293,case,B3,1.306
S0294,case,B3,-1.575
S0295,control,B3,0.071
S0296,case,B3,0.587
S0297,case,B3,0.488
S0298,control,B3,-2.637
S0299,control,B3,0.443
S0300,control,B3,-0.314
S0301,control,B3,-0.791
S0302,control,B3,0.591
S0303,control,B3,0.002
S0304,control,B3,-0.004
S0305,control,B3,0.338
S0306,case,B3,2.124
S0307,case,B3,1.345
S0308,case,B3,0.949
S0309,case,B3,-0.313
S0310,control,B3,-2.109
S0311,control,B3,1.245
S0312,case,B3,0.616
S0313,control,B3,-1.152
S0314,case,B3,1.468
S0315,case,B3,0.481
S0316,control,B3,-0.083
S0317,control,B3,-1.898
S0318,control,B3,-0.44
S0319,case,B3,1.292
S0320,case,B3,0.266
S0321,case,B3,0.556
S0322,control,B3,-0.058
S0323,control,B3,0.246
S0324,case,B3,2.749
S0325,control,B3,0.727
S0326,case,B3,2.263
S0327,control,B3,-0.637
S0328,control,B3,1.557
S0329,control,B3,1.559
S0330,control,B3,-0.399
S0331,control,B3,-1.137
S0332,control,B3,0.85
S0333,case,B3,-0.228
S0334,case,B3,2.338
S0335,case,B3,-0.254
S0336,control,B3,0.283
S0337,control,B3,-0.815
S0338,case,B3,2.158
S0339,case,B3,0.64
S0340,control,B3,1.262
S0341,case,B3,0.664
S0342,control,B3,0.64
S0343,control,B3,-0.103
S0344,case,B3,1.804
S0345,control,B3,0.48
S0346,control,B3,0.084
S0347,control,B3,-0.853
S0348,control,B3,0.257
S0349,control,B3,-1.064
S0350,control,B3,0.485
S0351,control,B3,-0.819
S0352,control,B3,1.343
S0353,case,B3,-0.195
S0354,control,B3,1.265
S0355,case,B3,1.57
S0356,control,B3,-2.297
S0357,case,B3,1.802
S0358,control,B3,0.252
S0359,case,B3,1.298
S0360,control,B3,-0.923
S0361,control,B3,0.711
S0362,control,B3,0.094
S0363,case,B3,2.486
S0364,control,B3,0.543
S0365,case,B3,0.98
S0366,case,B3,3.007
S0367,case,B3,-0.918
S0368,control,B3,-1.491
S0369,control,B3,-0.109
S0370,control,B3,0.754
S0371,case,B3,2.635
S0372,control,B3,-0.471
S0373,case,B3,0.955
S0374,control,B3,1.816
S0375,case,B3,1.645
S0376,case,B3,1.147
S0377,control,B3,2.719
S0378,case,B3,0.268
S0379,case,B3,0.113
S0380,control,B3,0.533
S0381,case,B3,0.698
S0382,case,B3,0.402
S0383,control,B3,0.399
S0384,control,B3,0.141
S0385,control,B3,0.782
S0386,control,B3,1.339
S0387,control,B3,-0.978
S0388,control,B3,0.779
S0389,case,B3,0.916
S0390,control,B3,-0.646
S0391,case,B3,1.572
S0392,control,B3,-0.223
S0393,control,B3,2.168
S0394,control,B3,-0.461
S0395,case,B3,0.39
S0396,control,B3,-0.597
S0397,case,B3,1.339
S0398,case,B3,-0.645
S0399,case,B3,0.291
