sample_id,tumor_type,outcome,value
S0000,LUAD,1,-1.961
S0001,LUAD,0,2.325
S0002,LUAD,1,-0.313
S0003,LUAD,0,-0.825
S0004,LUAD,0,-0.027
S0005,LUAD,0,1.045
S0006,LUAD,0,0.868
S0007,LUAD,0,0.415
S0008,LUAD,0,1.345
S0009,LUAD,1,-0.054
S0010,LUAD,0,0.26
S0011,LUAD,0,0.773
S0012,LUAD,0,-0.472
S0013,LUAD,0,-1.696
S0014,LUAD,0,0.787
S0015,LUAD,1,1.328
S0016,LUAD,0,2.486
S0017,LUAD,0,-1.416
S0018,LUAD,1,-0.112
S0019,LUAD,0,-0.144
S0020,LUAD,0,1.598
S0021,LUAD,0,0.315
S0022,LUAD,1,-0.429
S0023,LUAD,0,-1.472
S0024,LUAD,1,0.433
S0025,LUAD,0,0.602
S0026,LUAD,0,-1.793
S0027,LUAD,0,-0.241
S0028,LUAD,0,-0.635
S0029,LUAD,0,-0.094
S0030,LUAD,1,-0.043
S0031,LUAD,0,1.861
S0032,LUAD,1,0.928
S0033,LUAD,1,0.245
S0034,LUAD,0,-0.699
S0035,LUAD,1,-0.58
S0036,LUAD,1,0.423
S0037,LUAD,0,-0.507
S0038,LUAD,0,-0.136
S0039,LUAD,1,0.299
S0040,LUAD,1,-0.283
S0041,LUAD,1,1.411
S0042,LUAD,1,-0.072
S0043,LUAD,1,0.326
S0044,LUAD,1,-0.622
S0045,LUAD,1,1.389
S0046,LUAD,0,0.656
S0047,LUAD,1,0.998
S0048,LUAD,1,0.817
S0049,LUAD,0,0.759
S0050,LUAD,1,1.219
S0051,LUAD,0,-2.018
S0052,LUAD,0,-0.693
S0053,LUAD,1,-0.378
S0054,LUAD,0,1.317
S0055,LUAD,0,0.594
S0056,LUAD,1,-0.332
S0057,LUAD,1,-0.449
S0058,LUAD,1,1.432
S0059,LUAD,1,-0.905
S0060,LUAD,0,0.73
S0061,LUAD,0,-0.206
S0062,LUAD,0,1.223
S0063,LUAD,0,0.298
S0064,LUAD,1,-0.731
S0065,LUAD,1,-1.714
S0066,LUAD,0,-0.128
S0067,LUAD,1,-0.329
S0068,LUAD,0,0.114
S0069,LUAD,1,1.217
S0070,LUAD,0,0.216
S0071,LUAD,0,-0.132
S0072,LUAD,1,2.708
S0073,LUAD,1,-0.769
S0074,LUAD,0,0.85
S0075,LUAD,0,-0.715
S0076,LUAD,0,1.641
S0077,LUAD,1,1.01
S0078,LUAD,1,0.807
S0079,LUAD,0,-0.513
S0080,LUAD,0,0.688
S0081,LUAD,0,-0.026
S0082,LUAD,0,0.164
S0083,LUAD,0,-1.221
S0084,LUAD,1,-0.588
S0085,LUAD,0,1.475
S0086,LUAD,0,0.021
S0087,LUAD,1,2.664
S0088,LUAD,1,0.203
S0089,LUAD,1,-0.062
S0090,BRCA,1,0.383
S0091,BRCA,0,1.165
S0092,BRCA,1,-1.006
S0093,BRCA,0,1.296
S0094,BRCA,0,-0.545
S0095,BRCA,0,-0.861
S0096,BRCA,1,-0.53
S0097,BRCA,1,0.529
S0098,BRCA,1,0.105
S0099,BRCA,0,1.276
S0100,BRCA,0,0.102
S0101,BRCA,0,0.444
S0102,BRCA,1,-0.51
S0103,BRCA,0,-0.79
S0104,BRCA,0,1.601
S0105,BRCA,1,-0.111
S0106,BRCA,0,2.702
S0107,BRCA,0,-0.018
S0108,BRCA,0,0.403
S0109,BRCA,0,0.556
S0110,BRCA,0,0.859
S0111,BRCA,0,1.298
S0112,BRCA,1,-0.656
S0113,BRCA,1,1.519
S0114,BRCA,1,0.778
S0115,BRCA,1,-1.371
S0116,BRCA,0,-1.833
S0117,BRCA,1,-0.808
S0118,BRCA,1,-0.477
S0119,BRCA,1,-1.785
S0120,BRCA,0,0.323
S0121,BRCA,0,0.558
S0122,BRCA,0,0.049
S0123,BRCA,0,-0.157
S0124,BRCA,1,-0.015
S0125,BRCA,1,0.375
S0126,BRCA,0,0.098
S0127,BRCA,0,0.492
S0128,BRCA,1,0.801
S0129,BRCA,1,0.241
S0130,BRCA,1,-0.832
S0131,BRCA,0,0.285
S0132,BRCA,1,-0.004
S0133,BRCA,0,-0.381
S0134,BRCA,0,0.841
S0135,BRCA,0,0.283
S0136,BRCA,0,-1.189
S0137,BRCA,1,0.75
S0138,BRCA,0,1.064
S0139,BRCA,0,-0.13
S0140,BRCA,1,0.088
S0141,BRCA,0,0.12
S0142,BRCA,0,0.757
S0143,BRCA,0,-0.626
S0144,BRCA,0,0.308
S0145,BRCA,0,-1.297
S0146,BRCA,0,0.92
S0147,BRCA,0,-0.91
S0148,BRCA,1,0.722
S0149,BRCA,0,0.984
S0150,BRCA,0,-0.593
S0151,BRCA,1,-0.506
S0152,BRCA,0,-1.681
S0153,BRCA,0,-0.917
S0154,BRCA,1,-0.117
S0155,BRCA,0,-0.703
S0156,BRCA,1,-0.758
S0157,BRCA,0,-0.124
S0158,BRCA,1,1.648
S0159,BRCA,1,0.06
S0160,lung adenocarcinoma,1,1.491
S0161,lung adenocarcinoma,0,0.612
S0162,lung adenocarcinoma,0,-0.426
S0163,lung adenocarcinoma,1,1.33
S0164,lung adenocarcinoma,0,-1.091
S0165,lung adenocarcinoma,0,-0.887
S0166,lung adenocarcinoma,0,-4.104
S0167,lung adenocarcinoma,1,-1.304
S0168,lung adenocarcinoma,0,-0.331
S0169,lung adenocarcinoma,1,0.113
S0170,lung adenocarcinoma,0,-1.02
S0171,lung adenocarcinoma,1,-1.57
S0172,lung adenocarcinoma,1,0.119
S0173,lung adenocarcinoma,0,-0.714
S0174,lung adenocarcinoma,1,1.829
S0175,lung adenocarcinoma,0,0.223
S0176,lung adenocarcinoma,0,0.214
S0177,lung adenocarcinoma,0,1.018
S0178,lung adenocarcinoma,0,1.17
S0179,lung adenocarcinoma,1,-0.87
S0180,lung adenocarcinoma,0,-0.207
S0181,lung adenocarcinoma,1,0.728
S0182,lung adenocarcinoma,1,-0.48
S0183,lung adenocarcinoma,1,-1.7
S0184,lung adenocarcinoma,0,1.126
S0185,lung adenocarcinoma,0,1.486
S0186,lung adenocarcinoma,0,-1.428
S0187,lung adenocarcinoma,1,-0.014
S0188,lung adenocarcinoma,0,0.509
S0189,lung adenocarcinoma,1,-1.376
S0190,lung adenocarcinoma,1,0.441
S0191,lung adenocarcinoma,1,-0.995
S0192,lung adenocarcinoma,0,-0.466
S0193,lung adenocarcinoma,0,-0.171
S0194,lung adenocarcinoma,1,0.879
S0195,lung adenocarcinoma,0,-2.648
S0196,lung adenocarcinoma,1,0.29
S0197,lung adenocarcinoma,1,0.384
S0198,lung adenocarcinoma,1,0.223
S0199,lung adenocarcinoma,0,0.8
S0200,breast carcinoma,0,-0.77
S0201,breast carcinoma,0,0.796
S0202,breast carcinoma,0,1.143
S0203,breast carcinoma,1,-0.443
S0204,breast carcinoma,1,2.247
S0205,breast carcinoma,0,-0.201
S0206,breast carcinoma,1,0.35
S0207,breast carcinoma,1,0.745
S0208,breast carcinoma,1,0.659
S0209,breast carcinoma,1,0.348
S0210,breast carcinoma,0,-1.092
S0211,breast carcinoma,1,1.375
S0212,breast carcinoma,0,-0.269
S0213,breast carcinoma,1,-0.501
S0214,breast carcinoma,0,0.642
S0215,breast carcinoma,0,-1.029
S0216,breast carcinoma,1,-0.303
S0217,breast carcinoma,0,-0.618
S0218,breast carcinoma,1,0.752
S0219,breast carcinoma,1,0.837
S0220,breast carcinoma,0,0.685
S0221,breast carcinoma,0,-1.079
S0222,breast carcinoma,0,0.481
S0223,breast carcinoma,1,0.689
S0224,breast carcinoma,0,-2.29
S0225,breast carcinoma,0,-1.899
S0226,breast carcinoma,0,-0.989
S0227,breast carcinoma,0,0.695
S0228,breast carcinoma,0,-0.167
S0229,breast carcinoma,1,-0.094
S0230,germ-cell,0,0.304
S0231,germ-cell,0,-0.394
S0232,germ-cell,1,-0.393
S0233,germ-cell,0,-2.367
S0234,germ-cell,1,-0.139
S0235,germ-cell,0,0.31
S0236,germ-cell,0,0.854
S0237,germ-cell,0,-2.88
S0238,germ-cell,0,-1.255
S0239,germ-cell,1,-1.3
S0240,germ-cell,1,-0.979
S0241,germ-cell,0,0.769
S0242,germ-cell,0,0.15
S0243,germ-cell,1,-0.177
S0244,germ-cell,0,-0.865
S0245,germ-cell,1,-0.326
S0246,germ-cell,1,-1.81
S0247,germ-cell,0,-0.213
S0248,germ-cell,1,-0.21
S0249,germ-cell,1,-0.818
S0250,germ-cell,0,1.196
S0251,germ-cell,1,-1.908
S0252,germ-cell,0,0.29
S0253,germ-cell,0,-1.98
S0254,germ-cell,1,-0.298
S0255,normal,0,-0.898
S0256,normal,0,-0.449
S0257,normal,1,-0.732
S0258,normal,0,1.324
S0259,normal,1,0.007
S0260,normal,1,0.469
S0261,normal,1,-0.584
S0262,normal,1,-1.211
S0263,normal,0,0.147
S0264,normal,1,0.852
S0265,normal,1,1.817
S0266,normal,0,-0.197
S0267,normal,1,0.281
S0268,normal,1,-0.14
S0269,normal,1,-0.681
S0270,normal,1,-0.337
S0271,normal,0,1.046
S0272,normal,1,-2.661
S0273,normal,1,0.997
S0274,normal,0,-1.62
S0275,normal,1,0.437
S0276,normal,0,-0.457
S0277,normal,0,0.293
S0278,normal,1,-0.845
S0279,normal,0,0.091
S0280,normal,1,-0.691
S0281,normal,1,1.818
S0282,normal,1,-0.31
S0283,normal,1,-0.067
S0284,normal,0,-0.71
S0285,normal,1,-0.862
S0286,normal,0,0.343
S0287,normal,0,-1.492
S0288,normal,1,-1.115
S0289,normal,0,-1.385
S0290,normal,1,0.882
S0291,normal,0,0.055
S0292,normal,1,1.272
S0293,normal,1,-0.138
S0294,normal,1,0.41
S0295,normal,0,-0.216
S0296,normal,0,0.879
S0297,normal,1,-0.145
S0298,normal,1,0.256
S0299,normal,1,-0.625
S0300,normal,1,0.212
S0301,normal,1,-1.093
S0302,normal,0,1.759
S0303,normal,1,-1.61
S0304,normal,1,0.16
S0305,normal,0,0.705
S0306,normal,1,0.572
S0307,normal,0,0.26
S0308,normal,1,-1.232
S0309,normal,0,-0.511
S0310,normal,1,-1.533
S0311,normal,0,0.195
S0312,normal,0,-0.759
S0313,normal,0,-2.531
S0314,normal,0,0.637
S0315,COAD,1,0.93
S0316,COAD,0,-1.172
S0317,COAD,1,0.039
S0318,COAD,1,0.093
S0319,COAD,0,-1.163
S0320,COAD,1,-0.272
S0321,COAD,1,-0.634
S0322,COAD,0,-0.779
S0323,COAD,0,0.795
S0324,COAD,0,0.161
S0325,COAD,1,-0.334
S0326,COAD,1,0.882
S0327,COAD,0,-1.13
S0328,COAD,0,1.811
S0329,COAD,1,1.49
S0330,COAD,0,0.573
S0331,COAD,0,0.965
S0332,COAD,0,-1.256
S0333,COAD,1,0.851
S0334,COAD,1,-0.272
S0335,COAD,0,0.262
S0336,COAD,0,-0.043
S0337,COAD,1,0.96
S0338,COAD,0,1.338
S0339,COAD,0,-0.525
S0340,COAD,1,-1.166
S0341,COAD,1,0.836
S0342,COAD,1,0.928
S0343,COAD,0,0.222
S0344,COAD,0,-1.26
S0345,COAD,0,-0.858
S0346,COAD,1,-1.053
S0347,COAD,0,-0.889
S0348,COAD,0,0.397
S0349,COAD,1,-0.999
S0350,COAD,0,1.256
S0351,COAD,1,0.382
S0352,COAD,1,-0.875
S0353,COAD,0,-0.084
S0354,COAD,0,-2.003
S0355,COAD,1,-0.398
S0356,COAD,0,-1.296
S0357,COAD,0,1.284
S0358,COAD,0,-0.317
S0359,COAD,1,0.553
S0360,COAD,1,1.01
S0361,COAD,0,0.186
S0362,COAD,0,0.059
S0363,COAD,0,0.291
S0364,COAD,0,0.959
S0365,unknown_x,1,-0.801
S0366,unknown_x,0,0.386
S0367,unknown_x,1,0.794
S0368,unknown_x,0,-1.448
S0369,unknown_x,0,0.063
S0370,unknown_x,0,0.259
S0371,unknown_x,1,-0.283
S0372,unknown_x,1,1.66
S0373,unknown_x,0,-1.288
S0374,unknown_x,1,2.211
S0375,unknown_x,0,-0.323
S0376,unknown_x,0,-0.218
S0377,unknown_x,1,1.583
S0378,unknown_x,0,1.755
S0379,unknown_x,1,1.867
S0380,unknown_x,1,-1.782
S0381,unknown_x,0,-0.707
S0382,unknown_x,1,-0.027
S0383,unknown_x,1,-1.168
S0384,unknown_x,0,0.335
S0385,unknown_x,1,1.248
S0386,unknown_x,1,-1.187
S0387,unknown_x,1,1.035
S0388,unknown_x,0,0.744
S0389,unknown_x,1,-1.085
S0390,unknown_x,1,-0.653
S0391,unknown_x,1,1.221
S0392,unknown_x,0,1.167
S0393,unknown_x,0,0.898
S0394,unknown_x,0,0.243
S0395,unknown_x,0,1.547
S0396,unknown_x,1,-0.414
S0397,unknown_x,0,0.109
S0398,unknown_x,1,-0.651
S0399,unknown_x,1,-1.569
