sample_id,patient_id,enroll_date,age_years,marker_x,marker_y,proxy_feature,site,label,marker_z
S0000,P0000,2023-01-01,47.9,-1.643,3.973,-0.0093,A,0,7.918
S0001,P0000,2023-01-02,59.6,1.356,6.149,0.0068,A,0,12.28
S0002,P0001,2023-01-03,36.0,0.352,8.995,-0.0182,A,0,18.01
S0003,P0001,2023-01-04,55.1,-0.744,2.088,0.0034,A,0,4.129
S0004,P0002,2023-01-05,68.8,0.376,7.276,0.0099,A,0,14.57
S0005,P0002,2023-01-06,55.9,-0.748,7.723,0.0035,A,0,15.487
S0006,P0003,2023-01-07,62.5,-0.977,2.587,0.0141,A,0,5.227
S0007,P0003,2023-01-08,56.4,1.032,3.551,-0.0053,A,0,7.118
S0008,P0004,2023-01-09,60.2,-0.132,6.3,-0.0094,A,0,12.51
S0009,P0004,2023-01-10,56.0,-2.397,5.855,0.0093,A,0,11.738
S0010,P0005,2023-01-11,64.5,-0.288,3.891,9.9892,B,1,7.688
S0011,P0005,2023-01-12,50.9,0.187,2.467,-0.0009,A,0,4.906
S0012,P0006,2023-01-13,58.3,0.326,6.13,9.9929,B,1,12.251
S0013,P0006,2023-01-14,40.2,-0.015,3.498,0.0009,A,0,7.001
S0014,P0007,2023-01-15,65.4,2.044,3.836,-0.0134,A,0,7.725
S0015,P0007,2023-01-16,48.8,1.171,4.609,0.0156,B,0,9.218
S0016,P0008,2023-01-17,50.7,0.121,7.903,0.0049,A,0,15.865
S0017,P0008,2023-01-18,56.9,-0.317,6.945,-0.0139,A,0,13.884
S0018,P0009,2023-01-19,56.6,-1.164,4.725,0.0162,A,0,9.485
S0019,P0009,2023-01-20,57.0,-0.97,3.616,-0.0031,A,0,7.251
S0020,P0010,2023-01-21,47.8,2.272,3.35,0.0171,A,0,6.631
S0021,P0010,2023-01-22,53.2,-0.761,7.473,0.0137,A,0,14.967
S0022,P0011,2023-01-23,65.2,-0.499,4.301,0.0119,A,0,8.555
S0023,P0011,2023-01-24,58.3,0.226,3.863,10.0007,B,1,7.725
S0024,P0012,2023-01-25,72.0,0.489,3.476,-0.0033,B,0,7.022
S0025,P0012,2023-01-26,53.6,1.104,4.018,-0.0047,A,0,8.074
S0026,P0013,2023-01-27,77.9,-0.896,6.572,0.002,A,0,13.136
S0027,P0013,2023-01-28,53.7,0.537,4.904,-0.0015,A,0,9.705
S0028,P0014,2023-01-29,46.0,0.863,5.571,-0.0116,A,0,11.189
S0029,P0014,2023-01-30,66.5,0.859,5.094,0.0161,A,0,10.233
S0030,P0015,2023-01-31,54.7,-2.359,3.266,-0.0023,A,0,6.549
S0031,P0015,2023-02-01,68.4,0.242,6.494,-0.0064,A,0,12.969
S0032,P0016,2023-02-02,69.6,-0.281,4.986,-0.011,A,0,9.942
S0033,P0016,2023-02-03,65.4,-0.658,6.575,10.013,B,1,13.169
S0034,P0017,2023-02-04,56.8,-0.509,7.798,-0.0218,A,0,15.616
S0035,P0017,2023-02-05,67.4,0.17,6.347,-0.0028,A,0,12.67
S0036,P0018,2023-02-06,52.8,0.454,4.939,-0.0051,A,0,9.906
S0037,P0018,2023-02-07,60.7,0.229,7.404,0.0043,B,0,14.874
S0038,P0019,2023-02-08,60.4,-0.075,4.378,0.0037,A,0,8.741
S0039,P0019,2023-02-09,58.2,-0.195,3.544,0.0153,A,0,7.145
S0040,P0020,2023-02-10,59.2,1.247,5.783,10.0037,B,1,11.606
S0041,P0020,2023-02-11,57.4,-0.118,4.234,10.0067,B,1,8.416
S0042,P0021,2023-02-12,50.6,-2.148,4.837,0.0062,A,0,9.702
S0043,P0021,2023-02-13,46.0,0.477,2.514,0.0081,B,0,5.009
S0044,P0022,2023-02-14,50.4,1.001,8.333,-0.0038,A,0,16.698
S0045,P0022,2023-02-15,59.7,-0.729,5.733,9.9857,B,1,11.444
S0046,P0023,2023-02-16,61.8,0.876,6.074,9.9884,B,1,12.097
S0047,P0023,2023-02-17,55.1,-0.685,4.449,-0.0031,A,0,8.937
S0048,P0024,2023-02-18,56.3,-0.105,6.768,-0.0184,A,0,13.574
S0049,P0024,2023-02-19,68.9,0.07,4.003,0.011,A,0,8.027
S0050,P0025,2023-02-20,60.2,-0.001,6.462,0.0066,A,0,12.923
S0051,P0025,2023-02-21,63.5,1.964,6.562,10.0073,B,1,13.083
S0052,P0026,2023-02-22,59.7,-0.486,6.549,-0.0079,A,0,13.007
S0053,P0026,2023-02-23,50.9,0.977,6.263,9.9982,B,1,12.563
S0054,P0027,2023-02-24,59.8,1.451,3.559,10.0015,B,1,7.117
S0055,P0027,2023-02-25,50.8,1.564,6.217,-0.0034,A,0,12.543
S0056,P0028,2023-02-26,71.1,-0.199,7.012,-0.0113,A,0,14.065
S0057,P0028,2023-02-27,68.3,-0.175,8.532,0.0,A,0,17.046
S0058,P0029,2023-02-28,62.8,0.8,8.049,0.0077,A,0,16.144
S0059,P0029,2023-03-01,56.0,1.224,3.936,-0.0017,A,0,7.781
S0060,P0030,2023-03-02,57.7,1.042,2.813,-0.0071,A,0,5.616
S0061,P0030,2023-03-03,49.7,-0.869,6.233,0.0025,A,0,12.557
S0062,P0031,2023-03-04,59.8,1.55,3.068,0.0215,A,0,6.132
S0063,P0031,2023-03-05,56.5,-1.711,4.633,-0.0033,A,0,9.265
S0064,P0032,2023-03-06,59.5,0.544,8.11,-0.0041,A,0,16.279
S0065,P0032,2023-03-07,54.8,-0.02,7.784,0.0278,A,0,15.55
S0066,P0033,2023-03-08,63.7,0.6,7.278,0.0108,A,0,14.656
S0067,P0033,2023-03-09,52.6,0.431,3.902,-0.0016,A,0,7.842
S0068,P0034,2023-03-10,73.1,0.714,5.28,0.0104,A,0,10.539
S0069,P0034,2023-03-11,59.6,0.416,5.262,0.0035,B,0,10.563
S0070,P0035,2023-03-12,50.7,1.916,2.746,-0.0078,A,0,5.445
S0071,P0035,2023-03-13,52.0,-0.47,4.524,10.0128,B,1,9.007
S0072,P0036,2023-03-14,58.6,-0.413,6.418,-0.014,A,0,12.872
S0073,P0036,2023-03-15,63.0,0.031,4.406,0.0051,A,0,8.948
S0074,P0037,2023-03-16,61.7,0.085,3.669,9.9981,B,1,7.327
S0075,P0037,2023-03-17,59.0,0.349,5.463,0.0007,A,0,10.933
S0076,P0038,2023-03-18,56.5,-0.485,4.26,-0.0015,A,0,8.472
S0077,P0038,2023-03-19,67.3,0.32,5.754,0.0202,A,0,11.542
S0078,P0039,2023-03-20,64.1,1.367,5.931,-0.0164,A,0,11.842
S0079,P0039,2023-03-21,56.3,-2.007,4.848,-0.0086,A,0,9.676
S0080,P0040,2023-03-22,72.8,1.04,3.483,0.0054,A,0,6.838
S0081,P0040,2023-03-23,71.3,-0.103,2.273,0.003,A,0,4.572
S0082,P0041,2023-03-24,59.3,0.493,3.672,-0.0012,B,0,7.401
S0083,P0041,2023-03-25,58.7,1.217,5.516,-0.0145,A,0,11.071
S0084,P0042,2023-03-26,63.7,-1.968,1.605,0.0162,A,0,3.14
S0085,P0042,2023-03-27,71.9,-0.665,2.257,-0.0138,A,0,4.472
S0086,P0043,2023-03-28,60.9,-0.814,7.089,0.0033,A,0,14.196
S0087,P0043,2023-03-29,66.1,1.028,3.427,0.0073,A,0,6.77
S0088,P0044,2023-03-30,39.7,1.959,4.164,0.0039,A,0,8.302
S0089,P0044,2023-03-31,68.4,0.146,4.415,-0.0052,A,0,8.852
S0090,P0045,2023-04-01,62.0,2.367,5.726,-0.0105,A,0,11.442
S0091,P0045,2023-04-02,63.8,0.155,6.292,-0.0044,A,0,12.563
S0092,P0046,2023-04-03,44.4,0.901,3.905,0.0139,A,0,7.843
S0093,P0046,2023-04-04,60.7,-1.225,7.427,-0.0218,A,0,14.89
S0094,P0047,2023-04-05,61.4,0.33,3.002,0.0057,A,0,5.958
S0095,P0047,2023-04-06,58.4,-0.82,3.595,-0.0117,A,0,7.196
S0096,P0048,2023-04-07,54.0,0.113,3.439,10.0004,B,1,6.771
S0097,P0048,2023-04-08,72.0,-0.484,5.546,0.0103,A,0,11.081
S0098,P0049,2023-04-09,65.2,-2.275,5.805,0.0163,A,0,11.548
S0099,P0049,2023-04-10,68.9,-1.085,5.151,10.0034,B,1,10.227
S0100,P0050,2023-04-11,43.5,-1.429,7.327,0.0012,A,0,14.655
S0101,P0050,2023-04-12,64.5,1.004,8.372,10.0081,B,1,16.759
S0102,P0051,2023-04-13,64.0,0.691,6.522,-0.0049,B,0,12.971
S0103,P0051,2023-04-14,60.3,-0.21,6.979,-0.0106,A,0,13.919
S0104,P0052,2023-04-15,68.2,-0.202,4.948,0.0064,A,0,9.92
S0105,P0052,2023-04-16,65.0,-1.652,8.314,0.008,B,0,16.689
S0106,P0053,2023-04-17,56.8,0.122,5.896,0.0106,A,0,11.844
S0107,P0053,2023-04-18,62.4,-0.485,1.471,-0.016,A,0,2.915
S0108,P0054,2023-04-19,61.3,-0.262,7.206,9.9953,B,1,14.418
S0109,P0054,2023-04-20,50.1,-1.001,4.678,9.9839,B,1,9.386
S0110,P0055,2023-04-21,46.9,-0.253,3.345,0.0015,B,0,6.753
S0111,P0055,2023-04-22,66.0,0.436,8.301,0.0146,A,0,16.535
S0112,P0056,2023-04-23,54.8,-2.359,3.072,-0.0044,A,0,6.042
S0113,P0056,2023-04-24,67.1,-2.184,9.097,-0.0099,A,0,18.259
S0114,P0057,2023-04-25,49.8,-1.374,4.414,0.0035,A,0,8.821
S0115,P0057,2023-04-26,76.5,0.379,4.159,0.0079,A,0,8.333
S0116,P0058,2023-04-27,56.1,0.622,5.745,0.0197,A,0,11.465
S0117,P0058,2023-04-28,60.4,0.347,-1.043,-0.0018,A,0,-2.098
S0118,P0059,2023-04-29,46.7,2.484,3.52,-0.0107,A,0,7.026
S0119,P0059,2023-04-30,58.4,-0.733,5.871,0.0023,A,0,11.794
S0120,P0060,2023-05-01,71.9,0.436,2.883,0.0038,A,0,5.765
S0121,P0060,2023-05-02,66.2,-0.431,6.278,0.0032,A,0,12.584
S0122,P0061,2023-05-03,66.5,0.566,3.998,0.0038,A,0,7.996
S0123,P0061,2023-05-04,65.2,-1.369,2.201,0.0087,A,0,4.391
S0124,P0062,2023-05-05,59.1,-1.146,6.38,-0.0003,A,0,12.699
S0125,P0062,2023-05-06,51.1,-0.229,5.472,0.0231,A,0,10.98
S0126,P0063,2023-05-07,48.6,-0.767,4.504,-0.0014,B,0,9.027
S0127,P0063,2023-05-08,57.2,-0.094,4.445,-0.0165,A,0,8.895
S0128,P0064,2023-05-09,53.7,0.777,6.978,0.0026,A,0,13.938
S0129,P0064,2023-05-10,73.1,1.572,7.518,-0.0156,A,0,14.98
S0130,P0065,2023-05-11,54.6,-0.156,2.306,9.9903,B,1,4.647
S0131,P0065,2023-05-12,68.9,-0.408,4.568,-0.0068,A,0,9.045
S0132,P0066,2023-05-13,67.6,0.0,6.156,-0.0171,A,0,12.321
S0133,P0066,2023-05-14,61.4,-0.476,3.144,-0.0009,B,0,6.314
S0134,P0067,2023-05-15,54.7,-1.128,5.018,0.0004,A,0,10.021
S0135,P0067,2023-05-16,72.5,-1.236,4.346,-0.0138,A,0,8.681
S0136,P0068,2023-05-17,65.7,1.791,6.159,9.9988,B,1,12.328
S0137,P0068,2023-05-18,60.0,0.248,4.009,0.013,A,0,7.993
S0138,P0069,2023-05-19,63.9,1.373,6.44,0.0025,A,0,12.882
S0139,P0069,2023-05-20,68.4,0.217,1.168,0.0099,A,0,2.418
S0140,P0070,2023-05-21,70.8,0.073,6.894,0.0058,A,0,13.793
S0141,P0070,2023-05-22,60.2,0.222,3.018,10.0021,B,1,6.057
S0142,P0071,2023-05-23,61.0,-0.023,4.684,-0.0003,B,0,9.364
S0143,P0071,2023-05-24,49.3,1.254,4.251,0.0035,B,0,8.521
S0144,P0072,2023-05-25,50.9,0.361,6.583,-0.0078,A,0,13.176
S0145,P0072,2023-05-26,62.4,0.979,7.809,-0.0117,A,0,15.571
S0146,P0073,2023-05-27,60.3,1.27,4.491,-0.0087,A,0,8.993
S0147,P0073,2023-05-28,58.9,1.507,3.737,10.0083,B,1,7.436
S0148,P0074,2023-05-29,62.9,-1.675,3.925,9.9846,B,1,7.851
S0149,P0074,2023-05-30,67.0,-0.202,8.192,-0.0022,B,0,16.308
S0150,P0075,2023-05-31,68.4,-1.047,7.003,0.007,A,0,13.958
S0151,P0075,2023-06-01,41.7,-0.371,5.948,-0.0046,A,0,11.882
S0152,P0076,2023-06-02,54.1,-0.216,7.517,-0.0037,A,0,15.076
S0153,P0076,2023-06-03,57.2,0.241,4.75,0.0021,A,0,9.521
S0154,P0077,2023-06-04,59.2,0.063,3.03,0.0109,A,0,6.016
S0155,P0077,2023-06-05,65.3,0.521,8.019,0.0115,A,0,16.116
S0156,P0078,2023-06-06,54.3,-0.539,3.044,-0.0022,A,0,6.048
S0157,P0078,2023-06-07,73.4,-0.32,4.468,0.0153,A,0,8.918
S0158,P0079,2023-06-08,51.2,-0.361,5.14,-0.0041,A,0,10.205
S0159,P0079,2023-06-09,51.5,0.26,4.159,-0.0152,A,0,8.333
S0160,P0080,2023-06-10,61.5,1.651,5.022,0.0111,A,0,10.059
S0161,P0080,2023-06-11,55.8,-0.322,3.536,0.0003,A,0,7.0
S0162,P0081,2023-06-12,56.9,-0.318,3.405,10.0026,B,1,6.802
S0163,P0081,2023-06-13,60.1,0.557,7.051,0.0069,A,0,14.109
S0164,P0082,2023-06-14,61.9,-0.787,3.133,0.0037,A,0,6.267
S0165,P0082,2023-06-15,57.9,0.049,7.409,0.0141,A,0,14.786
S0166,P0083,2023-06-16,50.6,0.352,2.939,9.9888,B,1,5.885
S0167,P0083,2023-06-17,56.3,-1.327,4.373,0.0028,A,0,8.744
S0168,P0084,2023-06-18,68.6,-1.048,4.829,0.0086,A,0,9.624
S0169,P0084,2023-06-19,53.3,-1.801,6.568,0.0057,A,0,13.036
S0170,P0085,2023-06-20,59.3,-0.119,5.051,0.0143,A,0,10.093
S0171,P0085,2023-06-21,55.4,0.022,2.893,-0.0107,A,0,5.803
S0172,P0086,2023-06-22,54.2,-0.776,4.599,0.0023,A,0,9.19
S0173,P0086,2023-06-23,58.9,1.058,8.175,-0.0095,A,0,16.389
S0174,P0087,2023-06-24,61.8,-0.501,4.165,0.0107,A,0,8.38
S0175,P0087,2023-06-25,60.1,-0.058,2.277,-0.0217,A,0,4.563
S0176,P0088,2023-06-26,61.6,1.325,5.379,0.014,A,0,10.771
S0177,P0088,2023-06-27,62.5,-1.066,5.017,9.9994,B,1,10.048
S0178,P0089,2023-06-28,66.4,-1.153,7.91,10.0054,B,1,15.81
S0179,P0089,2023-06-29,68.3,-0.385,4.11,9.9966,B,1,8.245
S0180,P0090,2023-06-30,64.3,-0.164,5.729,0.0043,A,0,11.461
S0181,P0090,2023-07-01,68.5,0.154,4.625,-0.0088,A,0,9.284
S0182,P0091,2023-07-02,62.6,-0.139,5.993,0.0014,A,0,11.952
S0183,P0091,2023-07-03,61.1,1.706,5.931,0.0046,A,0,11.841
S0184,P0092,2023-07-04,45.4,0.979,1.705,0.0065,A,0,3.346
S0185,P0092,2023-07-05,53.8,-0.485,4.585,-0.0007,A,0,9.121
S0186,P0093,2023-07-06,53.5,0.038,1.024,0.0057,A,0,2.074
S0187,P0093,2023-07-07,66.5,-0.609,3.376,-0.0178,A,0,6.742
S0188,P0094,2023-07-08,57.1,-1.566,5.018,-0.0024,A,0,10.062
S0189,P0094,2023-07-09,72.1,0.97,4.447,0.02,A,0,8.938
S0190,P0095,2023-07-10,68.0,0.212,5.164,0.0101,A,0,10.292
S0191,P0095,2023-07-11,58.7,-0.331,4.181,0.0091,A,0,8.284
S0192,P0096,2023-07-12,56.1,-0.292,5.369,0.0114,A,0,10.765
S0193,P0096,2023-07-13,43.5,0.505,7.426,-0.0109,A,0,14.875
S0194,P0097,2023-07-14,62.8,-0.543,6.249,0.0077,A,0,12.541
S0195,P0097,2023-07-15,63.3,0.957,3.982,-0.0038,A,0,7.972
S0196,P0098,2023-07-16,63.4,-0.123,6.179,10.0014,B,1,12.272
S0197,P0098,2023-07-17,64.8,0.238,5.977,-0.021,A,0,11.917
S0198,P0099,2023-07-18,67.3,0.161,1.837,-0.0217,A,0,3.577
S0199,P0099,2023-07-19,66.4,-0.619,4.096,-0.0076,A,0,8.231
S0200,P0100,2023-07-20,72.2,0.823,5.315,-0.0035,A,0,10.657
S0201,P0100,2023-07-21,53.2,1.191,4.898,0.0043,A,0,9.8
S0202,P0101,2023-07-22,58.3,0.157,3.427,-0.0035,A,0,6.875
S0203,P0101,2023-07-23,56.6,1.64,6.003,-0.0159,A,0,12.001
S0204,P0102,2023-07-24,67.4,0.936,7.131,0.0086,A,0,14.324
S0205,P0102,2023-07-25,70.7,-0.072,4.205,-0.0173,A,0,8.411
S0206,P0103,2023-07-26,67.1,0.273,5.025,0.0144,A,0,10.115
S0207,P0103,2023-07-27,69.6,-0.603,5.754,0.0026,A,0,11.58
S0208,P0104,2023-07-28,51.5,0.672,6.282,9.9946,B,1,12.478
S0209,P0104,2023-07-29,57.5,0.145,4.316,0.003,A,0,8.674
S0210,P0105,2023-07-30,52.0,-1.611,5.732,-0.0036,A,0,11.412
S0211,P0105,2023-07-31,53.9,0.817,4.864,-0.0216,A,0,9.764
S0212,P0106,2023-08-01,48.9,0.346,3.226,-0.0061,A,0,6.423
S0213,P0106,2023-08-02,65.5,-0.135,9.665,0.0101,A,0,19.286
S0214,P0107,2023-08-03,57.4,0.176,4.133,9.9994,B,1,8.221
S0215,P0107,2023-08-04,57.7,-0.09,1.489,0.0035,A,0,3.028
S0216,P0108,2023-08-05,51.2,0.098,4.754,-0.0037,A,0,9.525
S0217,P0108,2023-08-06,63.4,0.025,4.413,-0.0088,A,0,8.877
S0218,P0109,2023-08-07,56.3,1.11,1.866,10.0073,B,1,3.807
S0219,P0109,2023-08-08,63.7,-0.268,7.886,0.016,A,0,15.808
S0220,P0110,2023-08-09,48.1,0.419,6.083,0.0029,A,0,12.133
S0221,P0110,2023-08-10,66.6,0.625,6.511,-0.0,A,0,12.95
S0222,P0111,2023-08-11,76.9,0.675,1.357,9.9996,B,1,2.672
S0223,P0111,2023-08-12,70.4,0.146,1.315,-0.0051,B,0,2.547
S0224,P0112,2023-08-13,68.9,-0.445,3.913,-0.0044,A,0,7.824
S0225,P0112,2023-08-14,61.4,0.969,6.546,0.0031,A,0,13.094
S0226,P0113,2023-08-15,67.5,-1.121,5.224,0.0117,A,0,10.413
S0227,P0113,2023-08-16,61.0,-0.622,5.12,0.0052,A,0,10.287
S0228,P0114,2023-08-17,55.6,-1.187,4.224,0.0067,A,0,8.392
S0229,P0114,2023-08-18,61.7,-0.325,7.489,-0.0059,A,0,15.013
S0230,P0115,2023-08-19,62.4,0.948,5.001,9.9959,B,1,10.08
S0231,P0115,2023-08-20,69.9,1.511,0.772,0.0029,A,0,1.547
S0232,P0116,2023-08-21,56.8,-1.402,1.911,-0.0058,A,0,3.821
S0233,P0116,2023-08-22,65.3,-0.031,1.959,-0.022,A,0,3.828
S0234,P0117,2023-08-23,64.7,-0.579,6.634,0.0027,A,0,13.25
S0235,P0117,2023-08-24,58.1,0.036,5.378,0.0165,A,0,10.779
S0236,P0118,2023-08-25,63.2,-1.305,6.591,0.0064,A,0,13.272
S0237,P0118,2023-08-26,60.2,0.17,3.978,-0.0148,A,0,7.848
S0238,P0119,2023-08-27,55.4,-1.846,4.458,9.9996,B,1,8.947
S0239,P0119,2023-08-28,61.6,-0.214,1.336,-0.0017,A,0,2.697
S0240,P0120,2023-08-29,63.6,1.361,5.141,-0.0023,A,0,10.244
S0241,P0120,2023-08-30,59.5,-0.894,6.536,0.0013,A,0,13.124
S0242,P0121,2023-08-31,62.4,0.987,2.671,10.0063,B,1,5.282
S0243,P0121,2023-09-01,62.9,-1.073,2.113,-0.0017,A,0,4.312
S0244,P0122,2023-09-02,62.6,-1.13,8.358,-0.0096,A,0,16.719
S0245,P0122,2023-09-03,49.6,-0.646,6.34,0.0019,A,0,12.649
S0246,P0123,2023-09-04,51.8,-0.174,1.6,-0.0019,A,0,3.164
S0247,P0123,2023-09-05,57.4,0.058,6.838,9.9993,B,1,13.705
S0248,P0124,2023-09-06,70.9,0.758,5.233,-0.0125,A,0,10.434
S0249,P0124,2023-09-07,60.6,0.168,1.363,0.0282,A,0,2.72
S0250,P0125,2023-09-08,49.1,0.787,6.384,-0.0032,B,0,12.742
S0251,P0125,2023-09-09,60.1,-0.447,3.783,0.0087,A,0,7.565
S0252,P0126,2023-09-10,60.9,-1.238,5.816,0.0108,A,0,11.646
S0253,P0126,2023-09-11,65.3,0.565,3.592,-0.0212,A,0,7.136
S0254,P0127,2023-09-12,44.2,1.487,5.621,0.0199,A,0,11.265
S0255,P0127,2023-09-13,65.9,-0.446,4.683,0.0014,A,0,9.386
S0256,P0128,2023-09-14,74.9,0.361,5.617,-0.011,B,0,11.189
S0257,P0128,2023-09-15,56.9,0.084,2.953,-0.0027,A,0,5.938
S0258,P0129,2023-09-16,48.0,-0.779,7.173,-0.0076,A,0,14.436
S0259,P0129,2023-09-17,64.8,-1.006,3.316,-0.0034,A,0,6.616
S0260,P0130,2023-09-18,65.6,0.402,2.645,-0.0046,A,0,5.269
S0261,P0130,2023-09-19,59.6,0.426,2.283,-0.0013,A,0,4.56
S0262,P0131,2023-09-20,57.9,-0.756,4.152,-0.0088,A,0,8.224
S0263,P0131,2023-09-21,64.3,-0.9,7.726,0.0083,A,0,15.371
S0264,P0132,2023-09-22,67.1,-1.174,6.204,-0.0008,A,0,12.426
S0265,P0132,2023-09-23,55.8,0.373,6.346,-0.0066,A,0,12.732
S0266,P0133,2023-09-24,57.6,-2.158,1.444,-0.0094,A,0,2.909
S0267,P0133,2023-09-25,55.0,1.421,6.742,0.0107,A,0,13.481
S0268,P0134,2023-09-26,65.8,-0.436,3.012,-0.0135,A,0,6.039
S0269,P0134,2023-09-27,60.6,-0.441,7.612,10.0084,B,1,15.243
S0270,P0135,2023-09-28,65.1,0.906,8.619,0.0017,B,0,17.291
S0271,P0135,2023-09-29,54.2,-0.167,6.056,0.0022,A,0,12.095
S0272,P0136,2023-09-30,45.2,2.573,0.797,-0.0027,A,0,1.623
S0273,P0136,2023-10-01,57.1,-0.482,3.353,-0.0075,A,0,6.713
S0274,P0137,2023-10-02,71.4,-2.001,2.537,0.0023,B,0,5.036
S0275,P0137,2023-10-03,57.6,-0.853,5.011,-0.0012,A,0,9.97
S0276,P0138,2023-10-04,61.5,-0.891,2.822,-0.0068,A,0,5.649
S0277,P0138,2023-10-05,70.5,-1.646,8.835,0.0098,B,0,17.664
S0278,P0139,2023-10-06,78.3,-1.18,8.256,-0.0035,A,0,16.464
S0279,P0139,2023-10-07,60.2,2.094,4.861,-0.0183,A,0,9.756
S0280,P0140,2023-10-08,41.2,-1.083,4.534,10.0041,B,1,9.078
S0281,P0140,2023-10-09,50.5,0.032,0.897,-0.0166,A,0,1.753
S0282,P0141,2023-10-10,49.1,-0.46,5.057,0.0015,A,0,10.159
S0283,P0141,2023-10-11,57.7,0.355,6.993,-0.0045,A,0,14.028
S0284,P0142,2023-10-12,76.0,0.15,4.641,0.0035,A,0,9.258
S0285,P0142,2023-10-13,48.6,0.492,1.689,0.0004,A,0,3.26
S0286,P0143,2023-10-14,56.4,-0.807,6.031,-0.0182,A,0,11.975
S0287,P0143,2023-10-15,59.7,0.13,5.114,-0.0124,A,0,10.223
S0288,P0144,2023-10-16,53.6,-0.03,4.687,0.004,A,0,9.411
S0289,P0144,2023-10-17,55.8,-1.424,1.803,-0.0152,A,0,3.635
S0290,P0145,2023-10-18,46.2,0.724,7.495,9.9946,B,1,15.066
S0291,P0145,2023-10-19,54.8,-0.943,5.599,-0.0178,B,0,11.186
S0292,P0146,2023-10-20,70.4,-1.617,5.413,0.0069,A,0,10.781
S0293,P0146,2023-10-21,65.5,-0.672,4.492,0.0004,A,0,9.043
S0294,P0147,2023-10-22,59.9,0.807,2.374,-0.0029,A,0,4.792
S0295,P0147,2023-10-23,63.9,-0.063,5.179,0.0029,A,0,10.378
S0296,P0148,2023-10-24,45.8,-1.027,5.409,-0.0099,A,0,10.813
S0297,P0148,2023-10-25,63.4,0.138,3.59,10.0031,B,1,7.191
S0298,P0149,2023-10-26,66.7,0.105,6.148,0.0078,A,0,12.213
S0299,P0149,2023-10-27,57.9,-0.724,2.668,-0.0015,A,0,5.397
S0300,P0150,2023-10-28,33.7,-0.295,7.211,-0.007,B,0,14.372
S0301,P0150,2023-10-29,54.6,-0.037,6.674,0.006,A,0,13.444
S0302,P0151,2023-10-30,53.8,-1.519,7.848,-0.0094,A,0,15.715
S0303,P0151,2023-10-31,60.2,0.741,3.587,0.0175,A,0,7.122
S0304,P0152,2023-11-01,60.6,0.128,9.336,-0.0167,A,0,18.608
S0305,P0152,2023-11-02,72.6,0.943,3.104,0.0056,A,0,6.165
S0306,P0153,2023-11-03,59.1,-0.914,4.361,-0.0027,A,0,8.659
S0307,P0153,2023-11-04,51.5,0.951,7.522,0.0094,A,0,15.136
S0308,P0154,2023-11-05,45.3,-1.666,5.143,-0.001,A,0,10.252
S0309,P0154,2023-11-06,56.6,-0.417,7.136,-0.0079,A,0,14.183
S0310,P0155,2023-11-07,63.1,-2.299,4.353,-0.009,A,0,8.772
S0311,P0155,2023-11-08,74.0,-1.372,8.44,0.0097,A,0,16.808
S0312,P0156,2023-11-09,50.0,0.511,4.359,-0.0056,A,0,8.696
S0313,P0156,2023-11-10,62.0,-1.282,4.316,0.0101,A,0,8.64
S0314,P0157,2023-11-11,44.6,1.624,4.899,-0.0129,A,0,9.793
S0315,P0157,2023-11-12,69.8,1.018,5.816,0.0014,A,0,11.651
S0316,P0158,2023-11-13,57.7,0.203,5.463,-0.0145,A,0,10.995
S0317,P0158,2023-11-14,60.2,-1.328,7.312,0.0076,A,0,14.657
S0318,P0159,2023-11-15,54.8,-0.181,5.87,0.001,A,0,11.747
S0319,P0159,2023-11-16,68.5,-0.61,6.048,-0.0073,A,0,12.11
S0320,P0160,2023-11-17,58.0,0.785,6.492,0.0047,A,0,12.989
S0321,P0160,2023-11-18,67.1,1.715,5.326,-0.0131,A,0,10.686
S0322,P0161,2023-11-19,63.4,-0.181,6.811,-0.0009,A,0,13.585
S0323,P0161,2023-11-20,58.8,0.537,3.488,-0.0092,A,0,6.933
S0324,P0162,2023-11-21,57.5,-1.235,6.755,0.0151,A,0,13.354
S0325,P0162,2023-11-22,70.2,-0.695,6.08,-0.0115,A,0,12.073
S0326,P0163,2023-11-23,66.4,0.301,3.981,-0.0169,A,0,8.001
S0327,P0163,2023-11-24,53.3,-1.133,5.699,-0.0182,A,0,11.379
S0328,P0164,2023-11-25,59.8,-1.871,5.071,0.0014,A,0,10.146
S0329,P0164,2023-11-26,42.7,-1.774,5.639,0.0089,A,0,11.355
S0330,P0165,2023-11-27,59.5,-0.979,7.082,0.0186,A,0,14.193
S0331,P0165,2023-11-28,61.0,-0.156,5.847,0.0047,A,0,11.666
S0332,P0166,2023-11-29,45.5,1.509,5.336,0.0039,A,0,10.654
S0333,P0166,2023-11-30,58.6,-0.086,8.178,0.0018,A,0,16.333
S0334,P0167,2023-12-01,69.4,-0.559,6.319,0.0097,A,0,12.745
S0335,P0167,2023-12-02,51.9,-0.522,6.388,0.0056,A,0,12.74
S0336,P0168,2023-12-03,49.9,-1.171,1.807,-0.006,A,0,3.628
S0337,P0168,2023-12-04,58.7,-1.536,4.957,0.0036,A,0,9.951
S0338,P0169,2023-12-05,60.3,0.249,6.822,0.0028,A,0,13.585
S0339,P0169,2023-12-06,58.6,-0.11,2.985,10.0158,B,1,5.893
S0340,P0170,2023-12-07,60.8,-0.472,3.198,0.0208,A,0,6.396
S0341,P0170,2023-12-08,37.4,-0.44,6.74,-0.015,B,0,13.523
S0342,P0171,2023-12-09,67.5,0.102,2.181,0.0024,A,0,4.415
S0343,P0171,2023-12-10,41.1,-0.408,3.854,0.01,A,0,7.744
S0344,P0172,2023-12-11,61.5,-0.454,5.928,0.0032,A,0,11.854
S0345,P0172,2023-12-12,59.0,0.445,5.224,0.0094,A,0,10.513
S0346,P0173,2023-12-13,64.1,0.286,8.779,-0.0025,A,0,17.614
S0347,P0173,2023-12-14,66.7,0.555,8.012,0.0047,B,0,16.013
S0348,P0174,2023-12-15,51.9,2.594,2.066,-0.0038,A,0,4.108
S0349,P0174,2023-12-16,52.2,1.128,2.092,0.0063,A,0,4.249
S0350,P0175,2023-12-17,61.2,-1.286,3.672,0.0079,A,0,7.255
S0351,P0175,2023-12-18,51.3,-1.06,1.733,-0.0168,A,0,3.578
S0352,P0176,2023-12-19,48.0,1.13,2.696,0.0039,A,0,5.362
S0353,P0176,2023-12-20,71.2,0.911,4.184,-0.0216,B,0,8.335
S0354,P0177,2023-12-21,74.0,-0.51,3.669,-0.0207,A,0,7.274
S0355,P0177,2023-12-22,58.9,-1.329,7.68,-0.0222,A,0,15.358
S0356,P0178,2023-12-23,55.6,-0.647,2.918,-0.0106,A,0,5.817
S0357,P0178,2023-12-24,68.6,-0.224,7.789,-0.0137,A,0,15.581
S0358,P0179,2023-12-25,54.7,0.322,5.7,-0.0035,A,0,11.447
S0359,P0179,2023-12-26,69.8,-0.594,5.908,0.0017,A,0,11.817
S0360,P0180,2023-12-27,59.9,0.709,5.744,-0.0146,B,0,11.503
S0361,P0180,2023-12-28,71.6,0.335,3.507,9.989,B,1,6.946
S0362,P0181,2023-12-29,62.7,-0.85,5.641,-0.0172,A,0,11.245
S0363,P0181,2023-12-30,59.3,0.526,5.26,0.001,A,0,10.465
S0364,P0182,2023-12-31,59.5,1.405,7.576,-0.003,A,0,15.171
S0365,P0182,2024-01-01,64.3,-0.031,2.474,-0.0048,A,0,5.01
S0366,P0183,2024-01-02,61.0,-1.268,2.327,-0.0128,A,0,4.687
S0367,P0183,2024-01-03,59.6,-0.658,4.793,-0.0018,A,0,9.594
S0368,P0184,2024-01-04,55.9,0.691,6.394,-0.0005,B,0,12.699
S0369,P0184,2024-01-05,58.3,1.467,7.755,10.0023,B,1,15.441
S0370,P0185,2024-01-06,48.2,0.011,4.799,0.0002,A,0,9.615
S0371,P0185,2024-01-07,55.6,-0.103,5.524,-0.0048,A,0,11.091
S0372,P0186,2024-01-08,51.7,0.653,6.487,-0.0109,A,0,12.977
S0373,P0186,2024-01-09,46.5,-0.15,4.191,10.0158,B,1,8.434
S0374,P0187,2024-01-10,55.8,0.949,2.52,-0.0062,A,0,5.001
S0375,P0187,2024-01-11,57.2,-0.018,6.823,-0.0148,A,0,13.722
S0376,P0188,2024-01-12,75.5,0.479,4.525,0.0095,A,0,8.997
S0377,P0188,2024-01-13,59.7,-0.557,2.997,0.004,A,0,6.056
S0378,P0189,2024-01-14,64.1,0.756,6.036,0.0004,A,0,12.115
S0379,P0189,2024-01-15,49.8,0.6,3.045,0.006,A,0,6.084
S0380,P0190,2024-01-16,59.4,0.41,7.918,10.0192,B,1,15.862
S0381,P0190,2024-01-17,56.6,0.272,4.153,0.0065,B,0,8.365
S0382,P0191,2024-01-18,59.7,-1.129,5.372,10.0144,B,1,10.693
S0383,P0191,2024-01-19,64.3,-2.161,5.269,10.0078,B,1,10.514
S0384,P0192,2024-01-20,69.6,0.591,5.764,0.0145,A,0,11.538
S0385,P0192,2024-01-21,65.8,0.897,0.932,0.0141,A,0,1.842
S0386,P0193,2024-01-22,62.5,0.582,7.131,-0.0032,A,0,14.254
S0387,P0193,2024-01-23,61.5,-0.046,5.635,0.0038,A,0,11.198
S0388,P0194,2024-01-24,60.9,0.11,4.42,0.0022,A,0,8.847
S0389,P0194,2024-01-25,48.1,0.98,6.011,-0.0056,A,0,11.962
S0390,P0195,2024-01-26,52.5,-0.272,5.057,-0.0068,A,0,10.114
S0391,P0195,2024-01-27,44.2,0.118,4.866,9.9984,B,1,9.74
S0392,P0196,2024-01-28,50.9,0.814,6.58,-0.0086,A,0,13.157
S0393,P0196,2024-01-29,51.0,-1.169,3.208,-0.0019,A,0,6.399
S0394,P0197,2024-01-30,50.6,1.083,5.074,10.0039,B,1,10.212
S0395,P0197,2024-01-31,63.1,-1.332,6.209,0.0184,A,0,12.386
S0396,P0198,2024-02-01,42.0,-0.214,4.053,-0.0066,A,0,8.227
S0397,P0198,2024-02-02,78.2,-0.966,7.306,-0.0012,A,0,14.592
S0398,P0199,2024-02-03,69.5,-1.032,4.643,0.0101,B,0,9.173
S0399,P0199,2024-02-04,68.8,0.358,3.422,-0.0037,A,0,6.868
S0400,P0200,2024-02-05,60.9,-0.777,3.381,0.01,A,0,6.778
S0401,P0200,2024-02-06,50.5,0.782,3.951,-0.0187,A,0,7.908
S0402,P0201,2024-02-07,55.4,-0.114,7.349,-0.0016,A,0,14.721
S0403,P0201,2024-02-08,41.9,-0.04,7.627,-0.0036,A,0,15.256
S0404,P0202,2024-02-09,54.2,0.443,6.032,9.9884,B,1,12.096
S0405,P0202,2024-02-10,56.5,0.723,4.524,0.0001,A,0,9.082
S0406,P0203,2024-02-11,47.4,1.456,3.381,-0.0145,A,0,6.699
S0407,P0203,2024-02-12,61.9,-0.044,3.641,10.0111,B,1,7.254
S0408,P0204,2024-02-13,54.4,0.109,6.402,-0.0143,A,0,12.879
S0409,P0204,2024-02-14,58.3,-0.494,5.78,-0.0034,A,0,11.504
S0410,P0205,2024-02-15,48.1,1.502,4.681,10.0076,B,1,9.465
S0411,P0205,2024-02-16,61.9,1.378,5.715,0.0033,A,0,11.437
S0412,P0206,2024-02-17,58.5,-1.324,4.099,-0.0071,A,0,8.119
S0413,P0206,2024-02-18,61.0,0.894,3.988,0.0007,A,0,7.933
S0414,P0207,2024-02-19,61.2,-0.823,7.655,0.019,A,0,15.344
S0415,P0207,2024-02-20,44.2,1.763,1.411,9.9977,B,1,2.856
S0416,P0208,2024-02-21,65.2,0.439,3.972,-0.0203,A,0,7.974
S0417,P0208,2024-02-22,68.0,-0.92,6.384,0.0081,A,0,12.798
S0418,P0209,2024-02-23,48.9,0.692,10.463,-0.001,A,0,20.964
S0419,P0209,2024-02-24,64.4,0.136,6.044,0.0085,A,0,12.136
S0420,P0210,2024-02-25,64.2,1.328,4.055,10.0187,B,1,8.069
S0421,P0210,2024-02-26,64.2,1.21,0.307,-0.0003,A,0,0.471
S0422,P0211,2024-02-27,56.8,0.654,3.621,0.0031,A,0,7.252
S0423,P0211,2024-02-28,76.7,-0.655,8.433,0.0043,A,0,16.824
S0424,P0212,2024-02-29,53.6,-2.28,3.858,-0.0218,B,0,7.687
S0425,P0212,2024-03-01,54.9,-1.728,2.571,-0.0062,A,0,5.126
S0426,P0213,2024-03-02,66.3,-1.188,3.274,-0.0107,A,0,6.532
S0427,P0213,2024-03-03,58.7,-0.221,3.722,-0.0002,A,0,7.471
S0428,P0214,2024-03-04,69.4,-0.055,6.864,-0.0006,A,0,13.664
S0429,P0214,2024-03-05,49.3,1.033,5.868,0.0032,A,0,11.735
S0430,P0215,2024-03-06,56.7,0.319,7.019,10.0184,B,1,14.073
S0431,P0215,2024-03-07,59.9,-0.335,0.828,0.0049,A,0,1.67
S0432,P0216,2024-03-08,54.1,-0.316,9.396,0.014,A,0,18.715
S0433,P0216,2024-03-09,54.5,-0.092,3.974,-0.0024,A,0,7.963
S0434,P0217,2024-03-10,61.7,0.734,4.883,-0.0079,A,0,9.862
S0435,P0217,2024-03-11,54.0,0.89,7.097,0.0146,A,0,14.14
S0436,P0218,2024-03-12,65.2,-1.942,6.153,0.0032,A,0,12.288
S0437,P0218,2024-03-13,70.8,0.019,8.374,0.0028,A,0,16.782
S0438,P0219,2024-03-14,43.0,-1.101,4.495,-0.0073,A,0,9.08
S0439,P0219,2024-03-15,62.0,0.309,1.591,-0.0019,A,0,3.135
S0440,P0220,2024-03-16,63.0,0.251,4.805,-0.0139,A,0,9.636
S0441,P0220,2024-03-17,65.8,-0.849,2.568,-0.0015,A,0,5.123
S0442,P0221,2024-03-18,65.0,0.282,6.138,-0.0131,A,0,12.263
S0443,P0221,2024-03-19,52.3,0.558,3.413,-0.0014,A,0,6.804
S0444,P0222,2024-03-20,53.0,0.15,4.836,0.0014,B,0,9.689
S0445,P0222,2024-03-21,55.5,-0.196,6.46,0.0088,A,0,12.872
S0446,P0223,2024-03-22,56.4,0.097,6.027,0.0015,A,0,12.089
S0447,P0223,2024-03-23,63.8,-0.475,3.295,-0.0116,A,0,6.521
S0448,P0224,2024-03-24,53.3,-1.73,10.747,0.0155,A,0,21.546
S0449,P0224,2024-03-25,66.5,0.504,5.484,-0.0163,A,0,11.034
S0450,P0225,2024-03-26,61.7,1.573,4.687,-0.0011,A,0,9.372
S0451,P0225,2024-03-27,65.0,-0.028,7.449,-0.0135,A,0,14.926
S0452,P0226,2024-03-28,67.9,-0.079,6.751,-0.0089,A,0,13.448
S0453,P0226,2024-03-29,57.8,0.951,5.537,0.0021,A,0,11.1
S0454,P0227,2024-03-30,61.1,0.17,3.766,0.0085,A,0,7.503
S0455,P0227,2024-03-31,53.0,-0.513,5.052,-0.0068,A,0,10.052
S0456,P0228,2024-04-01,58.6,0.167,6.371,-0.0044,A,0,12.785
S0457,P0228,2024-04-02,58.3,-0.749,6.31,-0.0016,A,0,12.685
S0458,P0229,2024-04-03,56.3,0.238,6.813,-0.0149,B,0,13.6
S0459,P0229,2024-04-04,59.6,-1.297,5.422,0.0026,B,0,10.814
S0460,P0230,2024-04-05,62.8,-0.871,3.268,10.01,B,1,6.492
S0461,P0230,2024-04-06,64.2,0.553,1.67,0.0021,A,0,3.347
S0462,P0231,2024-04-07,66.9,2.112,6.983,-0.0039,A,0,13.916
S0463,P0231,2024-04-08,57.7,0.625,6.994,0.0158,A,0,13.984
S0464,P0232,2024-04-09,64.4,-1.162,4.02,0.0022,A,0,8.082
S0465,P0232,2024-04-10,55.8,0.381,7.178,0.0053,B,0,14.372
S0466,P0233,2024-04-11,66.6,-1.521,5.515,-0.0029,A,0,11.049
S0467,P0233,2024-04-12,54.9,0.347,2.687,0.0235,A,0,5.434
S0468,P0234,2024-04-13,64.3,-0.046,3.41,0.0029,A,0,6.847
S0469,P0234,2024-04-14,56.0,-0.042,7.694,-0.0003,A,0,15.453
S0470,P0235,2024-04-15,68.7,-1.392,3.807,-0.006,A,0,7.632
S0471,P0235,2024-04-16,47.2,-0.377,9.445,-0.0015,A,0,18.852
S0472,P0236,2024-04-17,43.7,0.278,3.745,-0.0081,A,0,7.493
S0473,P0236,2024-04-18,57.3,0.333,4.661,0.0161,A,0,9.365
S0474,P0237,2024-04-19,54.5,-1.147,3.362,0.0131,A,0,6.762
S0475,P0237,2024-04-20,62.8,1.547,7.007,0.0031,A,0,14.031
S0476,P0238,2024-04-21,77.7,-0.88,6.901,0.0107,B,0,13.82
S0477,P0238,2024-04-22,57.7,-0.608,4.586,0.0033,A,0,9.048
S0478,P0239,2024-04-23,56.3,-0.018,4.404,0.0095,A,0,8.808
S0479,P0239,2024-04-24,59.8,-0.927,4.048,0.0057,A,0,8.095
S0480,P0240,2024-04-25,72.9,-0.476,4.677,-0.0224,A,0,9.374
S0481,P0240,2024-04-26,59.0,0.04,5.824,-0.0041,A,0,11.717
S0482,P0241,2024-04-27,64.0,0.691,3.302,0.004,A,0,6.595
S0483,P0241,2024-04-28,57.4,-0.611,6.495,0.0102,B,0,12.986
S0484,P0242,2024-04-29,49.5,-1.061,5.221,10.0028,B,1,10.487
S0485,P0242,2024-04-30,59.8,-1.205,3.185,0.0104,A,0,6.383
S0486,P0243,2024-05-01,58.9,0.61,4.086,0.0062,A,0,8.191
S0487,P0243,2024-05-02,47.9,0.864,4.552,9.9835,B,1,9.111
S0488,P0244,2024-05-03,67.7,0.426,-0.923,0.0027,A,0,-1.838
S0489,P0244,2024-05-04,60.5,0.826,6.469,-0.005,A,0,12.894
S0490,P0245,2024-05-05,64.2,-0.332,4.97,0.015,A,0,10.005
S0491,P0245,2024-05-06,54.9,0.366,6.485,-0.0106,A,0,12.935
S0492,P0246,2024-05-07,53.1,-1.342,5.925,-0.0127,B,0,11.843
S0493,P0246,2024-05-08,46.6,-0.929,9.258,0.003,A,0,18.504
S0494,P0247,2024-05-09,63.4,0.393,3.212,0.0015,A,0,6.435
S0495,P0247,2024-05-10,60.1,0.318,3.401,0.0139,A,0,6.812
S0496,P0248,2024-05-11,57.8,0.356,3.877,-0.013,A,0,7.868
S0497,P0248,2024-05-12,54.5,0.738,1.144,-0.0014,A,0,2.324
S0498,P0249,2024-05-13,64.5,0.092,4.14,-0.0079,A,0,8.323
S0499,P0249,2024-05-14,62.3,-1.14,0.654,0.0025,A,0,1.289
S0500,P0250,2024-05-15,52.7,0.463,6.014,-0.0061,A,0,12.069
S0501,P0250,2024-05-16,66.4,-0.422,4.302,0.0104,A,0,8.624
S0502,P0251,2024-05-17,71.3,-0.419,5.709,-0.0014,A,0,11.431
S0503,P0251,2024-05-18,74.2,-0.084,3.57,-0.0073,A,0,7.193
S0504,P0252,2024-05-19,58.1,0.631,7.275,9.9773,B,1,14.544
S0505,P0252,2024-05-20,73.9,-1.475,4.989,-0.0069,A,0,9.882
S0506,P0253,2024-05-21,56.4,-0.169,5.509,-0.0103,A,0,10.994
S0507,P0253,2024-05-22,65.1,-0.043,2.891,-0.0006,A,0,5.723
S0508,P0254,2024-05-23,56.6,0.738,3.433,0.0115,A,0,6.853
S0509,P0254,2024-05-24,55.4,-0.441,2.894,-0.0034,A,0,5.73
S0510,P0255,2024-05-25,50.4,-1.937,0.299,-0.0085,A,0,0.574
S0511,P0255,2024-05-26,56.4,0.233,3.865,0.0129,A,0,7.747
S0512,P0256,2024-05-27,56.0,0.172,-0.056,0.0018,A,0,0.07
S0513,P0256,2024-05-28,60.5,-3.353,5.72,0.0119,B,0,11.493
S0514,P0257,2024-05-29,58.3,0.851,9.759,0.0071,A,0,19.573
S0515,P0257,2024-05-30,51.7,0.798,3.425,-0.0271,A,0,6.84
S0516,P0258,2024-05-31,41.8,-3.038,3.839,-0.0008,A,0,7.74
S0517,P0258,2024-06-01,59.4,-0.86,6.944,9.9961,B,1,13.951
S0518,P0259,2024-06-02,55.6,0.545,1.141,0.0209,A,0,2.251
S0519,P0259,2024-06-03,76.4,1.012,7.902,-0.0013,A,0,15.841
S0520,P0260,2024-06-04,51.0,1.368,7.376,-0.0125,A,0,14.772
S0521,P0260,2024-06-05,47.9,0.124,3.761,-0.0129,A,0,7.52
S0522,P0261,2024-06-06,56.5,0.484,3.652,10.0021,B,1,7.265
S0523,P0261,2024-06-07,54.6,0.223,1.833,0.0067,A,0,3.693
S0524,P0262,2024-06-08,63.4,-1.286,6.664,9.9936,B,1,13.402
S0525,P0262,2024-06-09,57.6,-2.158,5.13,0.0046,A,0,10.272
S0526,P0263,2024-06-10,70.8,-0.437,5.775,0.0298,B,0,11.571
S0527,P0263,2024-06-11,58.4,1.495,5.945,0.0033,A,0,11.886
S0528,P0264,2024-06-12,61.1,-0.794,2.231,0.0138,A,0,4.505
S0529,P0264,2024-06-13,59.3,-0.471,4.72,-0.0165,A,0,9.493
S0530,P0265,2024-06-14,52.6,0.122,5.65,0.0031,A,0,11.324
S0531,P0265,2024-06-15,53.9,-0.936,4.994,0.0013,A,0,9.956
S0532,P0266,2024-06-16,59.6,-1.916,4.662,-0.0069,A,0,9.353
S0533,P0266,2024-06-17,54.4,-1.04,4.277,0.0033,A,0,8.547
S0534,P0267,2024-06-18,62.8,0.494,6.102,10.0076,B,1,12.271
S0535,P0267,2024-06-19,61.8,-1.351,4.942,-0.0057,A,0,9.818
S0536,P0268,2024-06-20,62.1,0.381,7.122,-0.0054,A,0,14.25
S0537,P0268,2024-06-21,48.0,0.064,2.154,0.0202,A,0,4.279
S0538,P0269,2024-06-22,57.9,-0.51,0.754,0.0095,A,0,1.554
S0539,P0269,2024-06-23,64.6,-2.134,3.6,0.0077,B,0,7.201
S0540,P0270,2024-06-24,55.9,0.817,2.413,0.0094,B,0,4.829
S0541,P0270,2024-06-25,52.2,1.481,8.703,0.0052,A,0,17.408
S0542,P0271,2024-06-26,68.6,0.303,2.883,-0.0031,A,0,5.739
S0543,P0271,2024-06-27,58.1,-0.795,6.406,0.0025,A,0,12.839
S0544,P0272,2024-06-28,47.0,-2.221,5.305,0.0122,A,0,10.637
S0545,P0272,2024-06-29,65.6,1.201,0.748,-0.0178,A,0,1.478
S0546,P0273,2024-06-30,57.1,0.44,5.224,0.0039,A,0,10.349
S0547,P0273,2024-07-01,63.6,1.332,4.512,-0.0037,A,0,9.003
S0548,P0274,2024-07-02,53.8,1.59,3.446,0.0121,B,0,6.963
S0549,P0274,2024-07-03,59.3,1.636,3.038,-0.0047,A,0,6.095
S0550,P0275,2024-07-04,68.9,-0.253,4.468,-0.0033,A,0,8.961
S0551,P0275,2024-07-05,71.5,0.851,6.022,0.0084,A,0,12.021
S0552,P0276,2024-07-06,51.2,0.082,5.986,0.005,A,0,11.905
S0553,P0276,2024-07-07,59.1,-0.011,6.198,-0.0043,B,0,12.371
S0554,P0277,2024-07-08,48.8,-1.006,3.097,0.0035,A,0,6.196
S0555,P0277,2024-07-09,60.2,-0.433,2.452,-0.004,A,0,4.854
S0556,P0278,2024-07-10,46.6,-2.432,5.896,-0.0116,B,0,11.715
S0557,P0278,2024-07-11,63.7,0.669,6.037,-0.0156,A,0,12.101
S0558,P0279,2024-07-12,52.4,1.064,3.748,-0.0024,A,0,7.38
S0559,P0279,2024-07-13,56.9,-0.067,5.275,0.0189,A,0,10.532
S0560,P0280,2024-07-14,56.7,-0.296,3.685,-0.0105,B,0,7.333
S0561,P0280,2024-07-15,64.3,-0.1,5.492,10.0083,B,1,10.874
S0562,P0281,2024-07-16,48.7,0.854,6.617,0.0069,A,0,13.212
S0563,P0281,2024-07-17,61.0,0.644,4.804,-0.0106,A,0,9.601
S0564,P0282,2024-07-18,63.2,-0.276,1.187,0.0087,A,0,2.397
S0565,P0282,2024-07-19,55.3,-0.433,5.862,-0.0077,A,0,11.704
S0566,P0283,2024-07-20,65.7,-0.4,6.724,0.008,B,0,13.45
S0567,P0283,2024-07-21,55.1,-2.502,3.638,0.0074,A,0,7.233
S0568,P0284,2024-07-22,54.9,-0.708,3.436,-0.0002,A,0,6.805
S0569,P0284,2024-07-23,46.8,-1.32,10.555,10.0064,B,1,21.134
S0570,P0285,2024-07-24,46.3,0.471,4.576,-0.0008,A,0,9.113
S0571,P0285,2024-07-25,64.2,0.5,4.457,0.0063,A,0,8.896
S0572,P0286,2024-07-26,52.0,-0.964,6.111,-0.0106,A,0,12.243
S0573,P0286,2024-07-27,61.4,0.084,4.481,0.0037,A,0,8.929
S0574,P0287,2024-07-28,66.7,-0.648,6.861,0.0134,A,0,13.614
S0575,P0287,2024-07-29,53.6,-1.619,3.821,0.0004,A,0,7.649
S0576,P0288,2024-07-30,60.4,0.89,5.446,-0.0018,A,0,10.94
S0577,P0288,2024-07-31,65.6,-1.05,5.96,0.0058,A,0,11.983
S0578,P0289,2024-08-01,57.1,-0.881,3.289,9.9903,B,1,6.595
S0579,P0289,2024-08-02,70.1,-1.202,3.312,0.0073,A,0,6.572
S0580,P0290,2024-08-03,57.3,0.516,7.322,-0.0107,A,0,14.671
S0581,P0290,2024-08-04,67.7,0.29,5.054,-0.0201,A,0,10.032
S0582,P0291,2024-08-05,43.0,-1.218,7.998,-0.0072,A,0,16.028
S0583,P0291,2024-08-06,71.7,-1.346,4.394,0.0095,A,0,8.777
S0584,P0292,2024-08-07,59.2,-0.223,2.338,-0.0072,B,0,4.733
S0585,P0292,2024-08-08,58.2,0.36,5.775,9.991,B,1,11.667
S0586,P0293,2024-08-09,65.7,-0.912,6.504,0.004,A,0,13.048
S0587,P0293,2024-08-10,57.6,0.182,6.631,0.0006,A,0,13.183
S0588,P0294,2024-08-11,52.5,-1.327,4.155,-0.013,A,0,8.216
S0589,P0294,2024-08-12,60.9,-0.328,6.001,-0.0086,A,0,11.973
S0590,P0295,2024-08-13,67.1,-1.073,6.958,0.0085,A,0,13.942
S0591,P0295,2024-08-14,59.9,-0.885,7.219,10.002,B,1,14.498
S0592,P0296,2024-08-15,63.2,1.045,4.834,-0.0055,B,0,9.639
S0593,P0296,2024-08-16,51.1,0.045,6.179,0.0021,A,0,12.408
S0594,P0297,2024-08-17,51.7,0.437,5.866,0.0026,A,0,11.686
S0595,P0297,2024-08-18,51.7,0.159,5.732,-0.0044,A,0,11.409
S0596,P0298,2024-08-19,65.1,-1.042,5.222,-0.0076,A,0,10.417
S0597,P0298,2024-08-20,54.0,-1.746,5.636,9.9936,B,1,11.319
S0598,P0299,2024-08-21,58.7,0.305,3.916,0.0112,A,0,7.864
S0599,P0299,2024-08-22,57.7,0.592,5.066,-0.0167,A,0,10.124
S0600,P0300,2024-08-23,59.7,-0.918,4.105,10.0141,B,1,8.252
S0601,P0300,2024-08-24,61.8,-1.586,4.603,0.0011,A,0,9.193
S0602,P0301,2024-08-25,60.2,-0.024,6.157,-0.009,A,0,12.33
S0603,P0301,2024-08-26,62.9,0.47,8.562,-0.0008,B,0,17.162
S0604,P0302,2024-08-27,55.2,1.201,7.235,0.0154,A,0,14.485
S0605,P0302,2024-08-28,57.1,-0.373,4.149,9.992,B,1,8.31
S0606,P0303,2024-08-29,66.1,-0.386,6.101,-0.0279,A,0,12.222
S0607,P0303,2024-08-30,49.9,-0.97,4.153,9.997,B,1,8.287
S0608,P0304,2024-08-31,44.5,-0.005,4.225,0.0052,A,0,8.412
S0609,P0304,2024-09-01,53.0,-0.003,1.812,-0.005,A,0,3.651
S0610,P0305,2024-09-02,70.9,-0.891,6.962,-0.0076,A,0,13.913
S0611,P0305,2024-09-03,56.5,-0.684,4.841,0.0016,A,0,9.71
S0612,P0306,2024-09-04,61.5,0.029,6.281,-0.005,A,0,12.583
S0613,P0306,2024-09-05,60.1,0.532,2.226,-0.0057,A,0,4.541
S0614,P0307,2024-09-06,49.3,0.965,4.716,0.0051,A,0,9.4
S0615,P0307,2024-09-07,47.0,-1.368,2.976,0.0146,A,0,5.927
S0616,P0308,2024-09-08,68.3,1.38,7.203,0.0014,A,0,14.452
S0617,P0308,2024-09-09,69.6,-0.709,8.128,-0.0014,A,0,16.241
S0618,P0309,2024-09-10,61.5,1.383,4.361,-0.0034,A,0,8.745
S0619,P0309,2024-09-11,51.4,-0.497,2.566,0.0038,A,0,5.185
S0620,P0310,2024-09-12,55.0,0.328,3.57,0.0185,A,0,7.164
S0621,P0310,2024-09-13,54.9,-0.466,5.337,-0.0022,A,0,10.661
S0622,P0311,2024-09-14,68.2,1.776,5.787,0.0051,A,0,11.516
S0623,P0311,2024-09-15,60.5,1.549,2.078,10.0015,B,1,4.116
S0624,P0312,2024-09-16,54.2,-0.292,6.529,-0.0161,A,0,13.032
S0625,P0312,2024-09-17,68.7,-0.514,6.528,-0.0078,A,0,13.027
S0626,P0313,2024-09-18,76.9,1.623,5.216,0.0022,A,0,10.41
S0627,P0313,2024-09-19,68.7,0.864,3.878,0.002,A,0,7.767
S0628,P0314,2024-09-20,53.9,-0.018,3.122,0.0103,A,0,6.223
S0629,P0314,2024-09-21,56.2,2.285,3.874,-0.004,A,0,7.742
S0630,P0315,2024-09-22,38.1,-0.823,4.537,-0.0115,A,0,9.153
S0631,P0315,2024-09-23,48.6,0.415,6.869,-0.0012,A,0,13.71
S0632,P0316,2024-09-24,63.4,-0.563,2.009,-0.0055,A,0,4.068
S0633,P0316,2024-09-25,63.1,0.021,4.945,-0.0088,A,0,9.942
S0634,P0317,2024-09-26,58.9,1.205,6.846,0.0068,A,0,13.719
S0635,P0317,2024-09-27,56.3,2.02,7.349,0.0029,A,0,14.722
S0636,P0318,2024-09-28,52.4,-0.049,7.438,-0.0068,B,0,14.923
S0637,P0318,2024-09-29,63.9,-2.126,3.613,-0.0028,A,0,7.293
S0638,P0319,2024-09-30,47.2,0.46,0.92,-0.0042,A,0,1.836
S0639,P0319,2024-10-01,67.4,-1.248,5.294,-0.0003,A,0,10.565
S0640,P0320,2024-10-02,67.1,0.804,4.827,10.0072,B,1,9.717
S0641,P0320,2024-10-03,60.2,0.613,8.292,0.005,A,0,16.558
S0642,P0321,2024-10-04,64.6,0.785,4.216,0.0108,A,0,8.419
S0643,P0321,2024-10-05,46.6,-1.685,4.498,-0.0255,A,0,9.075
S0644,P0322,2024-10-06,62.3,-1.696,5.942,-0.0134,A,0,11.874
S0645,P0322,2024-10-07,57.3,0.087,6.533,-0.0002,A,0,13.046
S0646,P0323,2024-10-08,55.7,2.246,5.329,0.0057,A,0,10.669
S0647,P0323,2024-10-09,60.8,1.125,5.694,-0.0068,A,0,11.237
S0648,P0324,2024-10-10,65.1,-0.944,4.938,0.001,A,0,9.828
S0649,P0324,2024-10-11,63.7,-2.083,3.567,0.0147,A,0,7.115
S0650,P0325,2024-10-12,44.6,-0.273,4.687,-0.0001,A,0,9.391
S0651,P0325,2024-10-13,52.8,-0.052,5.363,-0.0053,A,0,10.673
S0652,P0326,2024-10-14,59.9,0.009,8.41,-0.0021,B,0,16.772
S0653,P0326,2024-10-15,46.8,-0.132,5.962,0.0153,A,0,11.933
S0654,P0327,2024-10-16,59.0,0.766,5.211,10.0019,B,1,10.481
S0655,P0327,2024-10-17,59.4,1.11,4.178,-0.0135,A,0,8.428
S0656,P0328,2024-10-18,51.6,-0.169,3.988,0.0217,A,0,7.976
S0657,P0328,2024-10-19,43.3,0.023,5.975,9.9935,B,1,11.992
S0658,P0329,2024-10-20,63.4,-0.649,4.261,0.0027,A,0,8.515
S0659,P0329,2024-10-21,48.2,-1.566,7.822,-0.0182,A,0,15.635
S0660,P0330,2024-10-22,51.7,-0.01,6.006,0.002,A,0,12.126
S0661,P0330,2024-10-23,47.7,0.879,3.929,-0.0083,B,0,7.906
S0662,P0331,2024-10-24,50.8,-1.069,5.722,10.0121,B,1,11.444
S0663,P0331,2024-10-25,65.1,0.374,8.861,10.0149,B,1,17.739
S0664,P0332,2024-10-26,58.8,-0.009,3.496,0.0025,A,0,6.982
S0665,P0332,2024-10-27,59.7,0.147,3.165,0.0102,A,0,6.294
S0666,P0333,2024-10-28,63.5,2.167,4.954,0.0141,A,0,9.915
S0667,P0333,2024-10-29,61.3,-0.969,7.164,-0.0029,A,0,14.258
S0668,P0334,2024-10-30,58.3,0.692,7.127,0.0024,A,0,14.205
S0669,P0334,2024-10-31,54.0,1.931,9.882,-0.003,A,0,19.671
S0670,P0335,2024-11-01,68.9,0.21,6.449,0.002,A,0,12.86
S0671,P0335,2024-11-02,70.0,-0.952,3.099,0.0077,A,0,6.224
S0672,P0336,2024-11-03,63.1,1.605,1.848,0.0124,A,0,3.73
S0673,P0336,2024-11-04,48.8,-1.712,5.241,0.0009,A,0,10.517
S0674,P0337,2024-11-05,51.4,0.575,5.276,0.0116,A,0,10.554
S0675,P0337,2024-11-06,57.1,0.35,3.516,-0.0025,A,0,7.032
S0676,P0338,2024-11-07,55.2,-0.392,7.74,-0.003,A,0,15.498
S0677,P0338,2024-11-08,71.9,0.173,6.569,0.0083,B,0,13.063
S0678,P0339,2024-11-09,58.3,1.051,6.559,10.0058,B,1,13.257
S0679,P0339,2024-11-10,62.4,-0.27,4.392,-0.0045,A,0,8.809
S0680,P0340,2024-11-11,48.6,-0.031,5.621,-0.0025,A,0,11.302
S0681,P0340,2024-11-12,48.6,0.135,9.304,-0.0147,A,0,18.637
S0682,P0341,2024-11-13,52.6,-2.524,5.838,0.008,B,0,11.694
S0683,P0341,2024-11-14,65.8,-0.962,4.421,-0.015,A,0,8.848
S0684,P0342,2024-11-15,44.6,-0.797,2.094,0.0046,A,0,4.182
S0685,P0342,2024-11-16,60.7,1.84,5.759,-0.0,A,0,11.615
S0686,P0343,2024-11-17,65.4,-0.058,9.466,-0.0035,A,0,18.94
S0687,P0343,2024-11-18,65.1,-0.584,6.898,9.9798,B,1,13.841
S0688,P0344,2024-11-19,50.5,-1.279,3.954,-0.0042,A,0,7.969
S0689,P0344,2024-11-20,73.0,-0.918,5.874,0.0116,A,0,11.682
S0690,P0345,2024-11-21,61.0,0.011,1.766,0.0018,A,0,3.572
S0691,P0345,2024-11-22,55.6,0.159,6.108,0.0013,A,0,12.23
S0692,P0346,2024-11-23,71.3,0.153,5.766,-0.0043,A,0,11.513
S0693,P0346,2024-11-24,62.7,0.191,4.752,0.01,A,0,9.514
S0694,P0347,2024-11-25,59.3,-1.713,5.488,9.9949,B,1,10.963
S0695,P0347,2024-11-26,59.3,0.373,3.712,10.0001,B,1,7.479
S0696,P0348,2024-11-27,67.7,-0.767,4.031,0.0044,A,0,8.013
S0697,P0348,2024-11-28,61.0,2.42,5.692,-0.0061,A,0,11.315
S0698,P0349,2024-11-29,63.2,0.058,-0.278,0.0061,A,0,-0.612
S0699,P0349,2024-11-30,70.6,1.868,3.378,0.0023,B,0,6.703
S0700,P0350,2024-12-01,56.7,-0.466,4.803,0.0089,A,0,9.629
S0701,P0350,2024-12-02,61.4,-2.482,4.85,-0.0141,A,0,9.669
S0702,P0351,2024-12-03,55.3,-0.203,2.01,0.0087,A,0,4.0
S0703,P0351,2024-12-04,69.6,0.278,4.108,-0.012,A,0,8.201
S0704,P0352,2024-12-05,79.4,-0.584,2.872,0.0091,A,0,5.721
S0705,P0352,2024-12-06,60.1,1.93,4.059,-0.0088,A,0,8.171
S0706,P0353,2024-12-07,52.7,1.398,3.171,0.0057,A,0,6.357
S0707,P0353,2024-12-08,51.0,-1.205,6.715,0.0029,A,0,13.387
S0708,P0354,2024-12-09,43.7,1.394,7.177,10.0013,B,1,14.356
S0709,P0354,2024-12-10,56.7,-0.439,7.21,0.006,A,0,14.415
S0710,P0355,2024-12-11,54.3,-0.609,4.381,-0.0047,A,0,8.767
S0711,P0355,2024-12-12,69.3,-0.784,3.689,-0.0146,A,0,7.312
S0712,P0356,2024-12-13,65.7,0.461,3.642,0.0157,A,0,7.337
S0713,P0356,2024-12-14,62.7,0.573,4.158,10.0158,B,1,8.294
S0714,P0357,2024-12-15,54.0,0.316,2.098,10.0044,B,1,4.253
S0715,P0357,2024-12-16,65.2,-1.187,4.806,-0.0211,A,0,9.606
S0716,P0358,2024-12-17,44.9,-1.973,5.982,10.0053,B,1,12.008
S0717,P0358,2024-12-18,67.9,-0.336,0.134,0.0085,A,0,0.334
S0718,P0359,2024-12-19,71.2,0.972,6.089,-0.0042,A,0,12.087
S0719,P0359,2024-12-20,60.1,0.674,2.936,10.0067,B,1,5.941
S0720,P0360,2024-12-21,62.6,-1.054,7.266,-0.005,A,0,14.52
S0721,P0360,2024-12-22,52.3,0.148,10.263,0.0087,A,0,20.559
S0722,P0361,2024-12-23,75.5,0.885,8.305,-0.0004,A,0,16.586
S0723,P0361,2024-12-24,57.4,0.558,4.339,-0.0013,A,0,8.608
S0724,P0362,2024-12-25,64.9,0.584,5.712,-0.006,A,0,11.358
S0725,P0362,2024-12-26,56.4,0.184,3.692,0.0103,A,0,7.307
S0726,P0363,2024-12-27,59.6,-1.025,3.341,-0.0021,A,0,6.688
S0727,P0363,2024-12-28,67.4,0.063,6.675,0.0025,A,0,13.332
S0728,P0364,2024-12-29,62.2,-1.661,3.26,0.0141,A,0,6.576
S0729,P0364,2024-12-30,54.5,-0.187,5.277,0.0165,A,0,10.61
S0730,P0365,2024-12-31,57.8,0.935,8.747,0.002,A,0,17.459
S0731,P0365,2025-01-01,51.3,1.724,7.116,-0.0177,A,0,14.302
S0732,P0366,2025-01-02,57.4,-1.646,5.558,10.0025,B,1,11.096
S0733,P0366,2025-01-03,52.3,-0.178,4.611,-0.0052,A,0,9.276
S0734,P0367,2025-01-04,50.1,-0.057,3.077,0.0031,A,0,6.201
S0735,P0367,2025-01-05,69.4,1.638,4.616,0.003,A,0,9.278
S0736,P0368,2025-01-06,77.0,-1.102,6.101,-0.0028,A,0,12.254
S0737,P0368,2025-01-07,57.0,0.555,3.328,0.0047,A,0,6.652
S0738,P0369,2025-01-08,60.6,1.576,5.753,-0.0005,A,0,11.514
S0739,P0369,2025-01-09,68.7,0.168,4.318,9.9929,B,1,8.606
S0740,P0370,2025-01-10,52.4,1.655,7.485,-0.0111,A,0,14.906
S0741,P0370,2025-01-11,69.2,-0.336,5.93,-0.0067,A,0,11.905
S0742,P0371,2025-01-12,54.6,0.18,2.876,0.006,A,0,5.701
S0743,P0371,2025-01-13,70.9,-0.712,7.523,-0.0071,A,0,15.116
S0744,P0372,2025-01-14,55.1,-2.121,2.125,0.0005,A,0,4.248
S0745,P0372,2025-01-15,56.3,-0.796,3.896,-0.0023,A,0,7.775
S0746,P0373,2025-01-16,58.1,-0.926,5.58,-0.0093,A,0,11.159
S0747,P0373,2025-01-17,67.6,-1.25,6.441,-0.0132,B,0,12.877
S0748,P0374,2025-01-18,60.3,0.404,4.404,0.0012,A,0,8.892
S0749,P0374,2025-01-19,59.1,0.688,7.313,-0.0063,A,0,14.578
S0750,P0375,2025-01-20,62.1,1.15,5.399,-0.0031,A,0,10.85
S0751,P0375,2025-01-21,61.7,0.136,6.174,-0.0083,A,0,12.3
S0752,P0376,2025-01-22,53.7,-0.284,4.398,-0.003,A,0,8.725
S0753,P0376,2025-01-23,59.8,-0.737,9.265,-0.011,A,0,18.598
S0754,P0377,2025-01-24,56.2,0.066,4.278,-0.013,A,0,8.569
S0755,P0377,2025-01-25,54.4,-1.024,2.491,0.0131,A,0,5.046
S0756,P0378,2025-01-26,61.2,-1.647,1.64,-0.0163,A,0,3.276
S0757,P0378,2025-01-27,55.1,0.178,6.178,-0.007,A,0,12.286
S0758,P0379,2025-01-28,57.1,-1.225,8.494,0.0005,A,0,16.995
S0759,P0379,2025-01-29,52.0,-0.655,2.585,-0.0041,A,0,5.187
S0760,P0380,2025-01-30,59.0,-0.163,7.636,9.9956,B,1,15.361
S0761,P0380,2025-01-31,53.3,-0.866,3.196,-0.0028,A,0,6.465
S0762,P0381,2025-02-01,58.6,3.454,6.122,0.0058,A,0,12.274
S0763,P0381,2025-02-02,57.5,-0.652,4.803,-0.01,A,0,9.469
S0764,P0382,2025-02-03,72.8,1.567,9.105,0.0114,A,0,18.184
S0765,P0382,2025-02-04,54.5,-1.003,7.855,0.0015,A,0,15.726
S0766,P0383,2025-02-05,56.1,0.102,5.513,10.0075,B,1,11.037
S0767,P0383,2025-02-06,70.1,-1.666,5.958,0.0059,A,0,12.055
S0768,P0384,2025-02-07,63.1,-1.041,6.385,-0.0014,A,0,12.831
S0769,P0384,2025-02-08,68.0,-0.063,6.577,-0.003,A,0,13.171
S0770,P0385,2025-02-09,60.6,0.778,2.654,10.0121,B,1,5.337
S0771,P0385,2025-02-10,79.1,-1.483,3.011,0.0026,A,0,6.072
S0772,P0386,2025-02-11,47.0,1.893,2.699,-0.0161,A,0,5.343
S0773,P0386,2025-02-12,63.3,-0.826,5.027,-0.0088,A,0,10.018
S0774,P0387,2025-02-13,49.5,0.129,3.16,0.0058,B,0,6.34
S0775,P0387,2025-02-14,62.7,0.11,5.14,-0.0181,A,0,10.264
S0776,P0388,2025-02-15,61.9,0.031,4.623,0.0039,A,0,9.299
S0777,P0388,2025-02-16,52.9,0.576,5.225,-0.0093,A,0,10.372
S0778,P0389,2025-02-17,60.7,-2.078,2.055,-0.0055,A,0,4.032
S0779,P0389,2025-02-18,74.5,-1.188,2.856,-0.0202,A,0,5.737
S0780,P0390,2025-02-19,65.0,0.497,5.872,-0.0087,B,0,11.669
S0781,P0390,2025-02-20,44.8,-0.209,3.726,0.0109,A,0,7.512
S0782,P0391,2025-02-21,57.6,0.497,3.52,-0.0057,A,0,7.049
S0783,P0391,2025-02-22,53.1,0.663,8.368,-0.0123,A,0,16.712
S0784,P0392,2025-02-23,55.5,0.688,5.192,-0.004,A,0,10.383
S0785,P0392,2025-02-24,58.7,-0.049,9.611,0.0093,A,0,19.336
S0786,P0393,2025-02-25,54.7,-0.325,3.495,0.0089,A,0,6.986
S0787,P0393,2025-02-26,59.3,0.73,5.084,-0.015,A,0,10.223
S0788,P0394,2025-02-27,69.3,1.412,5.309,0.0019,A,0,10.639
S0789,P0394,2025-02-28,50.6,-0.897,2.953,-0.0092,A,0,5.933
S0790,P0395,2025-03-01,62.8,1.619,7.634,0.0043,A,0,15.265
S0791,P0395,2025-03-02,80.2,-0.783,4.366,9.9982,B,1,8.765
S0792,P0396,2025-03-03,58.4,-0.435,3.28,0.0026,B,0,6.57
S0793,P0396,2025-03-04,45.5,-0.976,7.261,9.9977,B,1,14.432
S0794,P0397,2025-03-05,63.0,1.206,6.82,0.0109,B,0,13.613
S0795,P0397,2025-03-06,57.2,-0.19,4.13,-0.0003,B,0,8.234
S0796,P0398,2025-03-07,55.9,0.637,5.782,-0.001,A,0,11.56
S0797,P0398,2025-03-08,60.4,1.726,5.748,0.0051,A,0,11.47
S0798,P0399,2025-03-09,57.4,0.091,8.081,0.0143,A,0,16.192
S0799,P0399,2025-03-10,55.8,-1.722,3.117,0.0162,A,0,6.22
S0800,P0400,2025-03-11,76.7,-1.64,7.853,0.0172,A,0,15.714
S0801,P0400,2025-03-12,58.2,0.558,4.393,0.011,A,0,8.782
S0802,P0401,2025-03-13,79.8,-0.663,7.852,0.0068,A,0,15.62
S0803,P0401,2025-03-14,61.3,0.106,2.79,10.0009,B,1,5.55
S0804,P0402,2025-03-15,67.0,0.523,6.206,-0.0133,B,0,12.377
S0805,P0402,2025-03-16,60.0,-0.614,4.481,-0.0103,A,0,8.959
S0806,P0403,2025-03-17,52.3,-0.042,5.407,0.0122,A,0,10.715
S0807,P0403,2025-03-18,45.6,-1.375,6.031,0.011,B,0,11.968
S0808,P0404,2025-03-19,64.2,0.631,3.51,9.99,B,1,6.979
S0809,P0404,2025-03-20,40.4,0.559,2.623,-0.0188,A,0,5.088
S0810,P0405,2025-03-21,47.5,0.465,6.849,0.001,A,0,13.586
S0811,P0405,2025-03-22,59.6,1.302,3.889,-0.0043,A,0,7.753
S0812,P0406,2025-03-23,69.4,-0.942,2.646,9.9858,B,1,5.258
S0813,P0406,2025-03-24,50.8,-0.323,3.663,-0.014,A,0,7.298
S0814,P0407,2025-03-25,58.9,-0.458,3.536,0.0164,A,0,7.086
S0815,P0407,2025-03-26,55.0,0.913,8.539,-0.0054,A,0,17.085
S0816,P0408,2025-03-27,46.9,0.887,5.07,-0.0005,A,0,10.184
S0817,P0408,2025-03-28,61.1,0.808,5.186,-0.0074,A,0,10.373
S0818,P0409,2025-03-29,59.0,-0.005,11.681,0.0033,A,0,23.343
S0819,P0409,2025-03-30,66.6,2.443,1.463,-0.0004,A,0,2.943
S0820,P0410,2025-03-31,58.3,1.51,1.711,-0.0208,A,0,3.422
S0821,P0410,2025-04-01,62.1,-0.047,5.214,0.0002,A,0,10.524
S0822,P0411,2025-04-02,54.2,0.166,3.743,0.0052,A,0,7.513
S0823,P0411,2025-04-03,55.0,-1.054,4.943,-0.013,A,0,9.962
S0824,P0412,2025-04-04,62.4,-1.627,5.921,-0.0092,A,0,11.841
S0825,P0412,2025-04-05,64.9,-0.305,6.782,10.0029,B,1,13.636
S0826,P0413,2025-04-06,44.0,-0.735,4.189,-0.0241,A,0,8.331
S0827,P0413,2025-04-07,61.0,0.295,6.108,0.0021,A,0,12.113
S0828,P0414,2025-04-08,57.3,-1.166,6.534,0.0195,A,0,13.004
S0829,P0414,2025-04-09,57.5,-0.19,4.872,-0.0024,A,0,9.699
S0830,P0415,2025-04-10,70.4,-1.277,5.73,-0.0172,A,0,11.476
S0831,P0415,2025-04-11,73.5,-0.286,1.806,0.0143,A,0,3.647
S0832,P0416,2025-04-12,62.9,-0.17,4.459,0.0027,A,0,8.992
S0833,P0416,2025-04-13,55.2,-1.28,-1.857,10.001,B,1,-3.681
S0834,P0417,2025-04-14,53.0,0.757,7.611,-0.0002,A,0,15.155
S0835,P0417,2025-04-15,70.8,-0.302,6.393,0.0004,A,0,12.775
S0836,P0418,2025-04-16,59.4,-0.147,6.114,-0.0143,A,0,12.246
S0837,P0418,2025-04-17,68.3,0.678,6.512,0.0084,A,0,13.032
S0838,P0419,2025-04-18,59.3,-0.926,3.79,-0.0026,A,0,7.588
S0839,P0419,2025-04-19,59.7,1.685,7.214,9.9867,B,1,14.392
S0840,P0420,2025-04-20,50.1,1.43,4.63,0.0103,A,0,9.342
S0841,P0420,2025-04-21,68.6,-1.446,5.009,-0.0036,A,0,9.977
S0842,P0421,2025-04-22,69.6,1.14,1.543,-0.0083,B,0,3.124
S0843,P0421,2025-04-23,46.4,-1.174,2.139,-0.0137,A,0,4.312
S0844,P0422,2025-04-24,52.0,-1.256,4.319,-0.0016,A,0,8.702
S0845,P0422,2025-04-25,57.5,1.281,6.009,0.0085,A,0,12.071
S0846,P0423,2025-04-26,68.6,-3.26,4.155,0.0058,A,0,8.314
S0847,P0423,2025-04-27,52.0,0.462,1.851,-0.0167,A,0,3.765
S0848,P0424,2025-04-28,48.4,-0.916,2.389,-0.0036,B,0,4.832
S0849,P0424,2025-04-29,62.1,1.782,2.225,-0.008,A,0,4.467
S0850,P0425,2025-04-30,63.8,0.992,2.954,-0.0028,A,0,5.91
S0851,P0425,2025-05-01,54.1,-1.073,4.263,-0.0029,A,0,8.568
S0852,P0426,2025-05-02,73.4,0.568,4.653,0.0095,B,0,9.396
S0853,P0426,2025-05-03,63.4,0.664,4.963,-0.0051,A,0,9.911
S0854,P0427,2025-05-04,59.7,0.839,3.981,0.0024,A,0,7.901
S0855,P0427,2025-05-05,52.2,-1.093,0.251,0.0098,A,0,0.552
S0856,P0428,2025-05-06,64.2,0.441,4.149,-0.0159,A,0,8.23
S0857,P0428,2025-05-07,58.2,0.63,4.043,0.0042,A,0,8.064
S0858,P0429,2025-05-08,50.7,-0.3,3.169,10.01,B,1,6.323
S0859,P0429,2025-05-09,61.3,1.818,6.776,0.0082,A,0,13.498
S0860,P0430,2025-05-10,63.3,0.896,7.453,-0.013,A,0,14.877
S0861,P0430,2025-05-11,60.0,0.646,9.018,0.0172,A,0,18.08
S0862,P0431,2025-05-12,60.0,-0.605,3.245,-0.0163,A,0,6.465
S0863,P0431,2025-05-13,63.0,-0.357,6.995,-0.0048,A,0,13.887
S0864,P0432,2025-05-14,63.5,0.984,5.533,10.0065,B,1,11.029
S0865,P0432,2025-05-15,65.0,-1.934,4.694,-0.0048,A,0,9.414
S0866,P0433,2025-05-16,58.3,1.92,5.718,0.0008,A,0,11.511
S0867,P0433,2025-05-17,70.6,-0.169,4.656,-0.0027,A,0,9.327
S0868,P0434,2025-05-18,57.7,0.396,7.42,0.0103,A,0,14.865
S0869,P0434,2025-05-19,54.4,0.499,2.112,-0.0001,A,0,4.14
S0870,P0435,2025-05-20,56.4,-0.075,4.161,9.9895,B,1,8.304
S0871,P0435,2025-05-21,62.3,-1.0,5.034,0.0148,B,0,10.1
S0872,P0436,2025-05-22,56.7,-1.496,3.198,-0.0074,A,0,6.372
S0873,P0436,2025-05-23,63.7,0.762,5.972,-0.0037,A,0,12.029
S0874,P0437,2025-05-24,60.3,-1.769,3.16,0.0009,A,0,6.232
S0875,P0437,2025-05-25,73.2,0.339,5.671,-0.0114,A,0,11.4
S0876,P0438,2025-05-26,55.9,0.211,5.349,0.0079,A,0,10.722
S0877,P0438,2025-05-27,57.5,1.023,2.506,-0.0022,A,0,5.003
S0878,P0439,2025-05-28,53.7,-1.153,4.463,0.0045,A,0,8.9
S0879,P0439,2025-05-29,57.9,-0.339,4.88,-0.0091,A,0,9.771
S0880,P0440,2025-05-30,54.8,-0.228,9.058,-0.0067,A,0,18.138
S0881,P0440,2025-05-31,60.5,-1.87,4.604,10.0027,B,1,9.208
S0882,P0441,2025-06-01,60.2,0.583,4.886,-0.0024,A,0,9.791
S0883,P0441,2025-06-02,51.1,-0.325,3.907,-0.0154,A,0,7.919
S0884,P0442,2025-06-03,59.6,-2.035,5.196,0.0034,A,0,10.463
S0885,P0442,2025-06-04,62.2,0.097,7.668,-0.0128,A,0,15.285
S0886,P0443,2025-06-05,64.3,-0.358,3.955,9.9828,B,1,7.831
S0887,P0443,2025-06-06,40.2,-0.904,6.517,-0.012,A,0,13.034
S0888,P0444,2025-06-07,53.9,-0.606,5.666,-0.0275,A,0,11.282
S0889,P0444,2025-06-08,53.4,-0.326,1.439,10.0028,B,1,2.784
S0890,P0445,2025-06-09,53.1,-0.049,3.739,0.0023,A,0,7.537
S0891,P0445,2025-06-10,54.0,1.128,6.647,-0.0078,A,0,13.302
S0892,P0446,2025-06-11,43.3,-0.408,3.809,-0.0151,A,0,7.636
S0893,P0446,2025-06-12,59.8,2.949,8.797,0.0165,A,0,17.684
S0894,P0447,2025-06-13,54.8,0.386,5.851,0.0122,A,0,11.708
S0895,P0447,2025-06-14,64.5,-1.459,2.862,0.0069,A,0,5.723
S0896,P0448,2025-06-15,76.2,-1.657,5.626,0.0115,A,0,11.233
S0897,P0448,2025-06-16,56.8,0.231,2.709,0.0051,A,0,5.479
S0898,P0449,2025-06-17,56.9,-1.667,8.452,-0.0061,A,0,16.835
S0899,P0449,2025-06-18,54.7,-1.466,4.489,10.0003,B,1,9.024
S0900,P0450,2025-06-19,46.3,-0.684,5.206,-0.0098,A,0,10.346
S0901,P0450,2025-06-20,50.0,-0.713,2.466,-0.0012,A,0,4.88
S0902,P0451,2025-06-21,50.0,-0.802,2.842,0.0043,A,0,5.708
S0903,P0451,2025-06-22,39.5,0.028,5.356,-0.0092,A,0,10.667
S0904,P0452,2025-06-23,56.8,1.066,6.736,0.0182,A,0,13.469
S0905,P0452,2025-06-24,50.2,-0.019,5.558,0.0071,B,0,11.035
S0906,P0453,2025-06-25,66.4,0.81,4.932,0.0155,A,0,9.92
S0907,P0453,2025-06-26,77.9,1.475,6.036,9.9876,B,1,12.001
S0908,P0454,2025-06-27,71.6,-0.566,5.439,0.009,A,0,10.911
S0909,P0454,2025-06-28,66.6,-0.124,2.821,0.0038,A,0,5.647
S0910,P0455,2025-06-29,65.5,-0.35,5.763,0.0002,A,0,11.489
S0911,P0455,2025-06-30,59.5,-0.516,4.702,0.0109,A,0,9.372
S0912,P0456,2025-07-01,66.1,-0.344,4.471,-0.0019,A,0,8.935
S0913,P0456,2025-07-02,66.8,0.156,3.592,-0.0169,B,0,7.236
S0914,P0457,2025-07-03,64.9,0.382,4.509,9.9992,B,1,8.981
S0915,P0457,2025-07-04,69.2,-1.183,2.513,-0.0034,A,0,5.016
S0916,P0458,2025-07-05,57.6,-1.121,1.411,0.0033,A,0,2.789
S0917,P0458,2025-07-06,58.5,0.268,6.612,9.9949,B,1,13.211
S0918,P0459,2025-07-07,68.1,-0.304,5.237,-0.0041,A,0,10.496
S0919,P0459,2025-07-08,57.4,0.231,9.426,-0.004,B,0,18.806
S0920,P0460,2025-07-09,56.3,-1.682,3.203,-0.0105,A,0,6.395
S0921,P0460,2025-07-10,53.9,-0.562,7.528,-0.0027,B,0,15.127
S0922,P0461,2025-07-11,76.7,-0.905,3.948,-0.0149,A,0,7.956
S0923,P0461,2025-07-12,51.3,-1.222,5.355,-0.0015,A,0,10.794
S0924,P0462,2025-07-13,59.1,-2.22,10.43,0.003,A,0,20.828
S0925,P0462,2025-07-14,49.0,1.665,4.719,-0.0027,A,0,9.42
S0926,P0463,2025-07-15,60.6,-0.127,9.338,0.0012,A,0,18.75
S0927,P0463,2025-07-16,79.9,0.169,4.998,-0.0032,A,0,10.045
S0928,P0464,2025-07-17,60.6,0.261,3.128,0.0019,A,0,6.252
S0929,P0464,2025-07-18,62.1,-0.097,5.048,0.0037,A,0,10.053
S0930,P0465,2025-07-19,60.7,-2.063,5.712,10.0019,B,1,11.473
S0931,P0465,2025-07-20,55.9,0.249,5.794,-0.0111,A,0,11.574
S0932,P0466,2025-07-21,59.4,-0.044,7.554,9.9963,B,1,15.17
S0933,P0466,2025-07-22,49.7,0.516,5.39,0.0128,A,0,10.842
S0934,P0467,2025-07-23,56.1,0.909,9.345,0.0097,B,0,18.787
S0935,P0467,2025-07-24,59.2,1.65,6.488,0.0047,A,0,12.979
S0936,P0468,2025-07-25,69.9,-1.47,1.954,-0.0003,A,0,3.984
S0937,P0468,2025-07-26,69.4,1.07,5.276,0.0058,A,0,10.678
S0938,P0469,2025-07-27,63.8,-1.852,7.048,0.0004,A,0,14.035
S0939,P0469,2025-07-28,66.2,0.514,6.81,-0.0181,A,0,13.589
S0940,P0470,2025-07-29,47.4,-0.198,4.3,-0.0165,A,0,8.56
S0941,P0470,2025-07-30,67.0,1.741,7.849,-0.0109,A,0,15.714
S0942,P0471,2025-07-31,56.5,0.534,6.186,0.0205,A,0,12.337
S0943,P0471,2025-08-01,61.3,-0.173,9.149,-0.0172,A,0,18.225
S0944,P0472,2025-08-02,65.9,0.283,5.286,-0.0025,A,0,10.574
S0945,P0472,2025-08-03,60.9,-0.302,5.112,-0.0037,A,0,10.242
S0946,P0473,2025-08-04,53.7,-0.814,5.621,-0.0186,A,0,11.261
S0947,P0473,2025-08-05,73.3,-0.434,7.763,-0.0025,A,0,15.549
S0948,P0474,2025-08-06,62.7,0.654,5.626,-0.0084,A,0,11.354
S0949,P0474,2025-08-07,55.8,-1.156,4.168,0.0172,A,0,8.299
S0950,P0475,2025-08-08,55.4,-0.288,5.229,-0.0103,A,0,10.478
S0951,P0475,2025-08-09,68.4,-2.092,4.73,0.0148,A,0,9.44
S0952,P0476,2025-08-10,59.3,-0.056,6.772,-0.005,A,0,13.636
S0953,P0476,2025-08-11,59.6,-0.596,5.815,-0.011,A,0,11.527
S0954,P0477,2025-08-12,55.8,-0.945,4.696,-0.0043,A,0,9.375
S0955,P0477,2025-08-13,61.9,-0.324,6.412,0.0104,A,0,12.835
S0956,P0478,2025-08-14,58.6,0.095,3.651,-0.0045,A,0,7.399
S0957,P0478,2025-08-15,73.7,0.404,5.221,-0.0128,A,0,10.362
S0958,P0479,2025-08-16,58.2,-2.133,4.506,-0.0177,A,0,9.039
S0959,P0479,2025-08-17,58.5,0.216,4.661,0.0071,A,0,9.215
S0960,P0480,2025-08-18,53.6,0.223,1.293,0.0038,A,0,2.526
S0961,P0480,2025-08-19,66.9,0.088,3.472,-0.0019,A,0,6.906
S0962,P0481,2025-08-20,54.2,-0.37,3.172,-0.0026,A,0,6.346
S0963,P0481,2025-08-21,42.9,0.478,4.94,0.0033,A,0,9.898
S0964,P0482,2025-08-22,59.3,3.026,7.445,9.9781,B,1,15.001
S0965,P0482,2025-08-23,68.1,1.154,7.358,-0.0107,A,0,14.719
S0966,P0483,2025-08-24,72.4,-0.726,6.327,0.0138,A,0,12.684
S0967,P0483,2025-08-25,65.8,-1.108,4.405,-0.0151,A,0,8.819
S0968,P0484,2025-08-26,68.1,-0.086,0.737,-0.007,A,0,1.533
S0969,P0484,2025-08-27,43.8,0.208,4.674,10.0195,B,1,9.335
S0970,P0485,2025-08-28,61.7,0.212,6.192,0.0158,A,0,12.477
S0971,P0485,2025-08-29,63.1,1.324,7.726,0.004,A,0,15.347
S0972,P0486,2025-08-30,59.6,-0.005,2.046,-0.0107,A,0,4.094
S0973,P0486,2025-08-31,58.8,0.064,4.892,-0.0097,A,0,9.819
S0974,P0487,2025-09-01,58.3,2.744,1.055,10.0023,B,1,2.077
S0975,P0487,2025-09-02,61.7,-0.191,1.522,-0.0009,A,0,3.038
S0976,P0488,2025-09-03,58.0,-0.241,0.534,9.9765,B,1,1.052
S0977,P0488,2025-09-04,51.8,0.949,6.572,0.0133,B,0,13.108
S0978,P0489,2025-09-05,70.8,-0.261,5.762,-0.0108,A,0,11.493
S0979,P0489,2025-09-06,53.9,-0.121,4.462,0.0048,A,0,9.01
S0980,P0490,2025-09-07,63.1,-1.668,2.992,-0.0074,A,0,6.015
S0981,P0490,2025-09-08,53.9,0.869,4.555,-0.0053,A,0,9.124
S0982,P0491,2025-09-09,57.3,0.019,5.391,0.0027,A,0,10.846
S0983,P0491,2025-09-10,65.2,0.789,5.449,0.0047,A,0,10.76
S0984,P0492,2025-09-11,63.5,-1.831,4.562,0.0069,A,0,9.228
S0985,P0492,2025-09-12,53.1,0.289,5.193,0.0151,A,0,10.422
S0986,P0493,2025-09-13,58.1,1.486,6.054,-0.0052,A,0,12.177
S0987,P0493,2025-09-14,40.0,2.372,2.994,-0.0013,B,0,5.981
S0988,P0494,2025-09-15,63.1,-0.134,3.861,0.0091,A,0,7.708
S0989,P0494,2025-09-16,49.4,0.803,8.279,-0.011,A,0,16.57
S0990,P0495,2025-09-17,48.6,0.689,0.502,10.0085,B,1,0.951
S0991,P0495,2025-09-18,72.0,1.455,4.617,0.0016,A,0,9.183
S0992,P0496,2025-09-19,63.5,0.42,3.592,0.0031,B,0,7.195
S0993,P0496,2025-09-20,68.8,1.467,2.794,-0.0015,A,0,5.521
S0994,P0497,2025-09-21,59.9,-0.237,4.799,10.0143,B,1,9.571
S0995,P0497,2025-09-22,75.8,-1.687,4.883,0.0065,A,0,9.724
S0996,P0498,2025-09-23,49.1,0.382,2.92,10.003,B,1,5.829
S0997,P0498,2025-09-24,53.2,-0.958,4.429,0.0009,A,0,8.771
S0998,P0499,2025-09-25,73.1,-0.054,6.767,-0.0111,A,0,13.443
S0999,P0499,2025-09-26,56.6,1.117,1.458,0.0006,A,0,2.827
