sample_id,visit_date,age_comnponent,read_count,trap_binary_count,grade_code,code,prob_score,pct_purity,frac_a,frac_b,frac_c,log2_ratio,zscore_expr,rank_pos,tumor_type
S0000,2024-01-01,46.5,4139,0,0,1,0.3647,61.1,0.5408,0.2767,0.1825,-1.808,-0.059,1,COAD
S0001,2024-01-02,66.3,4122,0,3,3,0.1454,60.5,0.3949,0.2672,0.3378,0.909,1.182,222,COAD
S0002,2024-01-03,67.0,4345,0,3,2,0.201,90.0,0.738,0.1905,0.0715,-0.591,0.364,32,LUAD
S0003,2024-01-04,58.5,4164,0,0,3,0.1745,58.9,0.6566,0.106,0.2374,-1.449,0.286,388,LUAD
S0004,2024-01-05,72.2,4222,0,1,5,0.2148,89.3,0.4655,0.2375,0.297,1.033,0.566,153,LUAD
S0005,2024-01-06,102.7,4187,0,1,2,0.1433,38.8,0.7216,0.1326,0.1459,2.531,-1.639,68,BRCA
S0006,2024-01-07,50.0,4187,0,3,5,0.1073,51.3,0.5406,0.427,0.0324,0.334,0.799,358,COAD
S0007,2024-01-08,63.0,4168,1,1,4,0.0128,86.4,0.6274,0.224,0.1486,-1.519,0.239,331,COAD
S0008,2024-01-09,49.7,4270,1,1,3,0.0685,66.9,0.4624,0.4067,0.1308,2.752,-1.226,243,BRCA
S0009,2024-01-10,61.8,4161,1,2,4,0.1103,80.3,0.577,0.2941,0.1289,-2.197,0.22,333,LUAD
S0013,2024-01-14,53.4,4169,1,3,3,0.471,78.8,0.4725,0.3786,0.1488,-1.352,0.269,228,COAD
S0014,2024-01-15,64.4,4190,0,0,5,0.5032,80.6,0.5791,0.3169,0.104,-1.774,0.55,139,COAD
S0015,2024-01-16,61.7,4073,1,2,1,0.6009,93.0,0.504,0.3275,0.1685,-1.169,2.414,383,LUAD
S0016,2024-01-17,61.9,4201,0,0,5,0.1544,57.8,0.4625,0.2942,0.2434,-1.545,0.388,55,LUAD
S0017,2024-01-18,63.3,4211,1,0,4,0.1265,38.9,0.5793,0.357,0.0638,-0.069,0.503,160,BRCA
S0018,2024-01-19,70.8,4166,1,2,2,0.2661,46.0,0.4803,0.4788,0.0409,-1.278,4.091,179,LUAD
S0019,2024-01-20,69.7,4161,0,3,2,0.1711,82.0,0.6441,0.2323,0.1236,1.546,0.541,372,LUAD
S0020,2024-01-21,53.9,4221,0,2,4,0.6685,50.6,0.5385,0.1187,0.3428,1.281,-0.704,361,BRCA
S0021,2024-01-22,53.9,4168,1,0,3,0.3982,63.4,0.5811,0.3707,0.0482,-1.193,-1.1,328,COAD
S0022,2024-01-23,63.5,4252,0,0,5,0.4768,91.2,0.8192,0.0145,0.1663,-1.689,-0.175,274,LUAD
S0023,2024-01-24,66.7,4347,0,2,2,0.5529,90.7,0.5696,0.4179,0.0125,-0.917,0.062,101,COAD
S0024,2024-01-25,65.6,4243,0,0,4,0.2138,55.6,0.7496,0.2383,0.0121,2.716,0.011,225,BRCA
S0025,2024-01-26,70.8,4093,1,3,3,0.0502,58.9,0.6368,0.2598,0.1035,1.217,-0.178,302,COAD
S0026,2024-01-27,65.2,4082,1,0,1,0.4583,46.9,0.5602,0.3614,0.0784,-0.988,-0.681,181,LUAD
S0027,2024-01-28,77.4,4241,1,0,1,0.6113,53.6,0.5286,0.4125,0.059,-0.94,-0.977,226,COAD
S0028,2024-01-29,62.8,4205,0,2,2,0.104,37.9,0.6775,0.2234,0.0991,-0.828,-1.32,261,BRCA
S0029,2024-01-30,65.7,4196,0,2,4,0.1789,89.5,0.6305,0.3072,0.0623,-1.198,-0.594,258,BRCA
S0030,2024-01-31,52.6,3990,1,2,5,0.1302,79.1,0.2013,0.488,0.3106,-0.188,0.352,50,COAD
S0031,2024-02-01,56.5,4268,1,1,5,0.0785,73.3,0.7519,0.1755,0.0726,1.574,1.933,135,LUAD
S0032,2024-02-02,59.9,4125,0,0,1,0.4369,46.9,0.7175,0.1907,0.0918,-1.435,1.402,17,BRCA
S0033,2024-02-03,62.1,4235,1,2,4,0.5094,84.4,0.6519,0.1417,0.2064,0.93,0.966,60,COAD
S0034,2024-02-04,66.1,4191,1,0,2,0.1434,56.7,0.3694,0.1817,0.4489,-0.208,-1.008,119,COAD
S0035,2024-02-05,80.8,4210,1,0,5,0.2076,78.9,0.3984,0.342,0.2597,1.33,0.658,264,COAD
S0036,2024-02-06,56.9,4084,1,1,5,0.2189,94.9,0.6319,0.2053,0.1628,-0.414,0.438,70,COAD
S0037,2024-02-07,73.7,4235,1,1,4,0.4069,84.6,0.2072,0.1125,0.6803,-1.449,0.017,254,COAD
S0038,2024-02-08,56.2,4216,1,1,3,0.1929,51.1,0.6237,0.2346,0.1418,0.089,1.729,250,LUAD
S0039,2024-02-09,89.7,4227,0,2,3,0.3063,66.1,0.4037,0.4549,0.1414,0.526,-0.793,48,LUAD
S0040,2024-02-10,67.7,4112,0,0,4,0.378,84.2,0.7815,0.0835,0.1351,-0.554,-0.453,287,COAD
S0041,2024-02-11,60.3,4174,1,0,2,0.235,82.6,0.5898,0.1987,0.2115,1.298,-0.347,295,COAD
S0042,2024-02-12,48.5,4115,0,0,3,0.4714,31.8,0.3126,0.2509,0.4365,-1.104,0.3,16,BRCA
S0043,2024-02-13,64.6,4121,1,3,1,0.3965,94.9,0.8145,0.1747,0.0108,-1.595,-0.547,205,LUAD
S0044,2024-02-14,82.8,4214,1,1,3,0.4121,51.1,0.5862,0.2059,0.2079,-1.691,-0.81,171,BRCA
S0045,2024-02-15,65.1,4171,0,1,2,0.1179,49.8,0.2791,0.3088,0.412,-1.1,-0.666,215,LUAD
S0046,2024-02-16,37.7,4204,1,2,3,0.3427,51.5,0.5591,0.2946,0.1462,0.117,1.278,345,COAD
S0047,2024-02-17,50.8,4216,0,3,1,0.3822,81.4,0.3378,0.3638,0.2984,-0.426,0.41,66,BRCA
S0048,2024-02-18,65.1,4108,0,1,4,0.1164,66.7,0.6243,0.0592,0.3165,0.101,-0.705,10,BRCA
S0049,2024-02-19,64.5,4093,0,3,3,0.2803,77.1,0.5516,0.4295,0.0188,1.338,-0.003,54,BRCA
S0050,2024-02-20,76.0,4171,1,2,4,0.344,37.9,0.4543,0.3985,0.1472,-1.075,-0.442,177,LUAD
S0051,2024-02-21,63.6,4242,0,1,2,0.4677,76.7,0.4349,0.1549,0.4102,-2.296,1.283,175,BRCA
S0052,2024-02-22,56.4,4189,0,2,4,0.2514,40.7,0.4065,0.3299,0.2636,-0.684,-2.067,259,COAD
S0053,2024-02-23,64.2,4202,1,3,1,0.1952,69.2,0.4852,0.377,0.1378,1.157,0.834,314,BRCA
S0054,2024-02-24,60.0,4275,0,0,5,0.2879,61.7,0.5223,0.1139,0.3638,1.728,0.879,105,LUAD
S0055,2024-02-25,72.3,4179,1,0,2,0.4563,57.1,0.4963,0.2435,0.2602,2.584,1.893,41,LUAD
S0056,2024-02-26,48.5,4124,0,3,1,0.2107,80.9,0.4821,0.4403,0.0776,0.465,-1.578,371,BRCA
S0057,2024-02-27,64.5,4125,1,3,5,0.5352,96.5,0.4633,0.102,0.4347,-0.816,0.645,159,BRCA
S0058,2024-02-28,81.1,4310,0,0,3,0.2158,86.9,0.5539,0.3825,0.0635,-0.876,0.886,234,BRCA
S0059,2024-02-29,66.3,4157,0,1,1,0.1004,69.0,0.7049,0.1774,0.1177,0.32,-1.335,273,LUAD
S0060,2024-03-01,56.7,4155,1,1,1,0.1191,72.9,0.8105,0.1318,0.0577,0.413,0.791,293,COAD
S0061,2024-03-02,60.2,4218,1,1,1,0.3207,77.6,0.5787,0.2226,0.1987,-0.647,-0.791,208,LUAD
S0062,2024-03-03,68.8,4257,0,2,4,0.1294,65.5,0.5421,0.3248,0.1331,0.11,-0.333,111,BRCA
S0063,2024-03-04,70.7,4205,0,3,5,0.2071,85.0,0.6266,0.1958,0.1776,0.67,2.201,195,LUAD
S0064,2024-03-05,65.8,4193,1,2,5,0.0978,83.1,0.2794,0.5452,0.1754,-0.618,0.086,46,LUAD
S0065,2024-03-06,46.1,4285,0,2,3,0.1291,51.5,0.4965,0.4069,0.0965,-0.137,0.301,320,LUAD
S0066,2024-03-07,46.6,4199,0,0,4,0.1101,78.8,0.4942,0.4589,0.0468,-0.037,1.18,216,LUAD
S0067,2024-03-08,57.4,4176,0,2,4,0.1591,80.2,0.7095,0.2596,0.0309,-3.339,0.447,220,BRCA
S0068,2024-03-09,48.2,4249,0,2,4,0.511,50.9,0.4761,0.2801,0.2439,2.291,-0.363,271,LUAD
S0069,2024-03-10,60.7,4304,0,3,4,0.1095,66.7,0.5101,0.3829,0.107,-1.767,1.829,236,BRCA
S0070,2024-03-11,52.4,4192,1,1,5,0.3914,68.9,0.4441,0.4727,0.0833,0.746,0.056,129,BRCA
S0071,2024-03-12,73.7,4190,0,3,3,0.1434,89.7,0.4946,0.2301,0.2753,-0.519,-0.773,106,LUAD
S0072,2024-03-13,34.8,4042,1,3,1,0.1567,23.4,0.5838,0.3244,0.0918,-4.494,-0.147,292,BRCA
S0073,2024-03-14,50.6,4238,1,3,2,0.2561,64.4,0.546,0.2947,0.1592,-1.319,0.145,38,BRCA
S0074,2024-03-15,67.2,4278,1,1,3,0.3991,85.4,0.4518,0.4307,0.1175,2.243,-0.04,118,COAD
S0075,2024-03-16,68.5,4121,1,0,1,0.141,71.1,0.4471,0.2864,0.2665,0.372,-1.853,212,BRCA
S0076,2024-03-17,57.6,4183,0,3,2,0.1964,67.2,0.3755,0.3862,0.2383,-1.087,0.388,116,BRCA
S0077,2024-03-18,57.9,4269,1,0,4,0.0947,90.8,0.5728,0.1376,0.2896,1.22,-0.228,263,COAD
S0078,2024-03-19,64.1,4222,1,2,2,0.286,51.9,0.5253,0.2247,0.25,0.982,-0.846,79,COAD
S0079,2024-03-20,50.4,4249,1,2,2,0.4548,69.5,0.519,0.2897,0.1913,-0.562,-0.703,89,LUAD
S0080,2024-03-21,74.9,4079,0,0,1,0.6038,44.1,0.7205,0.2252,0.0543,-1.29,-0.481,142,COAD
S0081,2024-03-22,53.4,4263,0,1,5,0.0398,71.9,0.6446,0.2081,0.1473,0.373,1.218,140,LUAD
S0082,2024-03-23,56.7,4154,1,3,2,0.3122,93.4,0.727,0.2682,0.0049,-0.164,0.644,29,BRCA
S0083,2024-03-24,63.5,4078,0,2,1,0.4463,54.8,0.5224,0.3491,0.1285,0.272,-0.37,170,COAD
S0084,2024-03-25,69.0,4169,0,0,2,0.3505,60.4,0.5703,0.2196,0.21,0.166,-2.043,365,COAD
S0085,2024-03-26,87.3,4197,0,2,4,0.2684,78.9,0.4402,0.2573,0.3025,0.464,0.375,167,COAD
S0086,2024-03-27,62.2,4214,1,1,2,0.4433,73.4,0.7737,0.1991,0.0272,0.456,1.668,369,COAD
S0087,2024-03-28,59.9,4146,1,1,2,0.2844,89.1,0.4549,0.2233,0.3217,-0.05,0.237,87,BRCA
S0088,2024-03-29,59.5,4168,0,1,5,0.1819,77.0,0.3074,0.3827,0.3098,1.285,-1.416,69,COAD
S0089,2024-03-30,58.0,4170,1,1,3,0.0668,65.7,0.5911,0.2866,0.1223,-0.819,1.806,22,BRCA
S0090,2024-03-31,52.0,4310,1,1,4,0.2413,50.8,0.3488,0.5862,0.065,1.386,-1.444,88,LUAD
S0091,2024-04-01,58.9,4196,0,2,3,0.1256,77.3,0.396,0.4314,0.1725,0.647,-0.347,357,COAD
S0092,2024-04-02,47.3,4123,1,0,1,0.5959,77.9,0.4235,0.5065,0.07,2.085,-0.074,241,LUAD
S0093,2024-04-03,43.5,4275,0,2,4,0.5108,80.9,0.45,0.0783,0.4717,0.023,-0.386,11,BRCA
S0094,2024-04-04,77.7,4286,1,3,1,0.3829,81.1,0.6405,0.2297,0.1298,-0.109,0.228,64,BRCA
S0095,2024-04-05,70.7,4295,1,2,4,0.4278,97.5,0.3764,0.3938,0.2298,1.829,-0.835,188,COAD
S0096,2024-04-06,59.7,4135,1,3,5,0.2827,70.1,0.4036,0.2833,0.313,2.118,1.426,206,LUAD
S0097,2024-04-07,54.8,4292,0,2,4,0.4086,76.5,0.664,0.1802,0.1558,2.374,1.712,178,COAD
S0098,2024-04-08,52.1,4238,1,2,2,0.1677,57.5,0.8184,0.0403,0.1412,1.006,-1.202,42,COAD
S0099,2024-04-09,71.5,4125,0,1,1,0.1658,67.1,0.3927,0.3978,0.2096,-0.261,0.303,260,COAD
S0100,2024-04-10,59.6,4247,1,1,3,0.1803,81.4,0.4203,0.3104,0.2693,1.911,-1.741,353,BRCA
S0101,2024-04-11,41.9,4269,0,2,1,0.0376,0.0,0.4646,0.185,0.3504,1.677,-0.269,381,COAD
S0102,2024-04-12,53.1,4324,0,1,5,0.1578,98.8,0.6681,0.0841,0.2478,-2.169,1.359,40,LUAD
S0103,2024-04-13,54.2,4243,0,3,4,0.1992,74.9,0.3519,0.3516,0.2964,1.199,1.874,25,LUAD
S0104,2024-04-14,60.9,4146,0,1,5,0.197,43.7,0.5117,0.3229,0.1654,1.694,-0.631,197,COAD
S0105,2024-04-15,57.8,4254,0,1,5,0.2512,69.5,0.4073,0.4768,0.1159,3.129,-0.654,285,LUAD
S0106,2024-04-16,74.6,4168,0,2,1,0.2745,83.9,0.3124,0.3832,0.3044,1.131,0.728,112,LUAD
S0107,2024-04-17,56.2,4228,0,1,4,0.2096,64.0,0.8776,0.095,0.0274,1.506,-1.441,149,BRCA
S0108,2024-04-18,40.0,4181,0,2,2,0.1761,72.5,0.6053,0.1144,0.2804,0.93,-0.026,63,LUAD
S0109,2024-04-19,51.3,4162,0,2,5,0.6231,34.8,0.5021,0.2933,0.2046,-0.444,-0.203,317,LUAD
S0110,2024-04-20,51.0,4091,0,3,4,0.2331,46.5,0.7617,0.1169,0.1214,0.438,-0.621,117,BRCA
S0111,2024-04-21,45.0,4210,1,2,1,0.1825,70.7,0.1952,0.2959,0.5089,0.712,0.882,191,BRCA
S0112,2024-04-22,58.4,4217,1,0,3,0.1367,39.2,0.671,0.1332,0.1957,-1.101,0.53,198,LUAD
S0113,2024-04-23,53.1,4258,1,1,4,0.203,71.9,0.2497,0.3624,0.3879,-2.07,-0.183,344,COAD
S0114,2024-04-24,45.7,4033,1,0,3,0.3666,33.6,0.3413,0.4795,0.1792,-1.627,0.696,2,LUAD
S0115,2024-04-25,69.3,4363,1,2,2,0.1826,34.0,0.5168,0.265,0.2182,-0.628,-1.615,53,LUAD
S0116,2024-04-26,71.6,4055,0,3,3,0.3799,79.2,0.4949,0.1563,0.3488,2.786,2.056,121,BRCA
S0117,2024-04-27,49.6,4272,0,2,4,0.3933,56.9,0.5285,0.1976,0.2739,-4.002,-0.158,168,COAD
S0118,2024-04-28,61.9,4067,0,2,2,0.5174,76.2,0.4979,0.4215,0.0806,1.684,-0.462,354,BRCA
S0119,2024-04-29,40.5,4186,1,0,3,0.4316,83.8,0.4011,0.4087,0.1902,-0.583,-1.231,6,LUAD
S0120,2024-04-30,58.9,4177,0,3,3,0.3188,59.5,0.408,0.457,0.135,0.355,1.041,143,BRCA
S0121,2024-05-01,60.0,4277,0,2,4,0.1266,87.6,0.3129,0.6121,0.0751,-2.875,0.948,321,LUAD
S0122,2024-05-02,56.4,4109,1,2,3,0.1933,88.3,0.6306,0.2621,0.1072,-0.783,0.186,338,BRCA
S0123,2024-05-03,51.3,4161,0,2,5,0.2383,69.0,0.1877,0.7103,0.102,-1.074,0.229,43,COAD
S0124,2024-05-04,64.9,4241,0,3,4,0.1927,52.3,0.4027,0.0915,0.5059,-1.968,1.264,34,COAD
S0125,2024-05-05,63.2,4105,0,1,2,0.3276,51.7,0.6651,0.0699,0.2649,-1.886,-0.521,71,COAD
S0126,2024-05-06,52.3,4349,1,1,5,0.2393,84.2,0.2407,0.4136,0.3457,-0.941,0.434,104,BRCA
S0127,2024-05-07,64.5,4163,0,1,1,0.4216,82.3,0.4465,0.364,0.1895,0.057,-0.421,304,BRCA
S0128,2024-05-08,57.0,4149,1,3,3,0.4835,82.5,0.3815,0.4617,0.1568,0.448,-0.805,394,COAD
S0129,2024-05-09,64.4,4296,1,2,5,0.1369,74.5,0.5006,0.1967,0.3026,-1.694,-0.318,232,BRCA
S0130,2024-05-10,70.3,4135,0,2,5,0.5652,86.3,0.3726,0.6021,0.0253,0.271,-0.546,307,LUAD
S0131,2024-05-11,55.6,4245,0,0,2,0.3115,30.9,0.4651,0.2941,0.2408,-1.099,-1.341,72,COAD
S0132,2024-05-12,55.8,4144,0,1,3,0.2095,88.1,0.4461,0.4971,0.0567,0.892,0.234,300,LUAD
S0133,2024-05-13,59.5,4272,1,3,2,0.261,73.4,0.2453,0.3476,0.4071,-0.889,0.226,7,LUAD
S0134,2024-05-14,50.5,4254,1,2,1,0.2215,60.8,0.8146,0.1614,0.024,-0.619,1.199,19,LUAD
S0135,2024-05-15,65.1,4276,1,0,5,0.3366,85.8,0.5022,0.2305,0.2673,0.451,0.891,33,BRCA
S0136,2024-05-16,49.5,4181,1,0,4,0.5344,85.5,0.5099,0.2783,0.2118,1.029,-0.17,12,COAD
S0137,2024-05-17,55.3,4194,1,0,4,0.1445,81.7,0.6614,0.0249,0.3136,-1.262,-0.682,316,BRCA
S0138,2024-05-18,72.2,4115,0,2,2,0.4449,94.4,0.5041,0.3814,0.1145,1.546,1.579,163,BRCA
S0139,2024-05-19,77.0,4152,1,0,5,0.391,57.5,0.322,0.5537,0.1242,-0.037,-1.234,183,BRCA
S0140,2024-05-20,48.6,4297,1,3,2,0.3542,85.9,0.8553,0.033,0.1117,0.457,-0.089,108,BRCA
S0141,2024-05-21,54.3,4088,0,1,4,0.4317,68.4,0.4828,0.2913,0.2259,1.328,0.477,56,BRCA
S0142,2024-05-22,56.0,4245,0,3,4,0.6877,80.7,0.4488,0.3332,0.218,-2.845,-0.347,138,LUAD
S0143,2024-05-23,68.2,4282,1,2,2,0.4492,92.3,0.6625,0.2216,0.1159,0.234,0.651,299,COAD
S0144,2024-05-24,66.3,4122,0,1,1,0.2777,73.8,0.2019,0.3272,0.4709,-0.371,-0.944,246,BRCA
S0145,2024-05-25,61.2,4188,1,1,1,0.0782,61.8,0.6436,0.1972,0.1591,0.708,0.452,99,COAD
S0146,2024-05-26,47.0,4195,0,1,1,0.0939,37.8,0.3557,0.3029,0.3415,-0.856,0.965,150,COAD
S0147,2024-05-27,57.4,4211,0,3,4,0.2318,72.9,0.3046,0.5779,0.1175,-1.084,-1.93,96,COAD
S0148,2024-05-28,64.8,4177,0,1,5,0.5649,97.8,0.6166,0.3007,0.0827,-0.4,0.466,73,COAD
S0149,2024-05-29,71.5,4178,0,0,2,0.2434,52.8,0.4173,0.3042,0.2785,-1.08,0.518,132,LUAD
S0150,2024-05-30,80.7,4243,1,0,4,0.1797,77.6,0.48,0.3378,0.1822,1.532,-2.077,145,COAD
S0151,2024-05-31,66.1,4179,0,1,1,0.2736,78.3,0.5254,0.3941,0.0806,1.006,-0.251,36,LUAD
S0152,2024-06-01,39.1,4234,1,0,3,0.1199,89.6,0.3968,0.4252,0.178,-0.679,1.486,5,LUAD
S0153,2024-06-02,60.1,4281,1,0,3,0.2919,82.2,0.287,0.1792,0.5338,-0.331,0.115,309,LUAD
S0154,2024-06-03,61.7,4182,0,2,1,0.3045,63.8,0.5118,0.3396,0.1486,-0.86,0.866,350,COAD
S0155,2024-06-04,74.4,4204,0,1,4,0.1232,77.0,0.5843,0.2822,0.1335,2.204,-0.886,78,LUAD
S0156,2024-06-05,61.9,4141,0,2,1,0.7328,68.8,0.4085,0.5035,0.088,-0.657,-0.479,391,LUAD
S0157,2024-06-06,36.1,4279,1,2,4,0.2795,41.2,0.3814,0.4068,0.2118,-1.532,-0.179,90,LUAD
S0158,2024-06-07,64.2,4215,0,3,3,0.0778,56.4,0.7253,0.1379,0.1368,-0.953,1.09,238,LUAD
S0159,2024-06-08,69.8,4309,0,2,1,0.1352,84.6,0.4621,0.3351,0.2028,1.803,-0.598,248,LUAD
S0160,2024-06-09,64.8,4259,0,1,2,0.3337,98.6,0.2649,0.4524,0.2827,0.367,0.245,349,LUAD
S0161,2024-06-10,61.3,4257,1,2,2,0.4486,97.8,0.5053,0.3803,0.1143,-0.174,-0.975,370,BRCA
S0162,2024-06-11,54.2,4199,1,2,2,0.2711,90.2,0.5749,0.1772,0.2479,0.546,1.325,375,BRCA
S0163,2024-06-12,72.7,4180,0,3,1,0.4996,80.3,0.4275,0.3448,0.2278,1.597,0.434,244,LUAD
S0164,2024-06-13,59.8,4271,1,1,2,0.3863,73.3,0.5877,0.0926,0.3197,-0.762,1.24,249,COAD
S0165,2024-06-14,69.8,4181,0,1,1,0.2946,75.9,0.3955,0.3355,0.2691,-2.105,1.377,390,COAD
S0166,2024-06-15,43.2,4114,0,0,1,0.0552,68.4,0.2915,0.2877,0.4208,1.308,-2.191,146,LUAD
S0167,2024-06-16,49.5,4052,0,2,4,0.2878,70.7,0.458,0.3998,0.1422,1.2,0.736,125,COAD
S0168,2024-06-17,74.7,4233,1,2,2,0.331,73.3,0.6142,0.187,0.1988,0.826,-0.331,213,LUAD
S0169,2024-06-18,64.6,4252,0,3,5,0.3383,81.6,0.5164,0.3815,0.1022,-0.459,0.835,268,BRCA
S0170,2024-06-19,61.4,4132,1,3,1,0.2248,72.6,0.2838,0.1556,0.5606,-2.322,-0.604,380,COAD
S0171,2024-06-20,70.4,4200,1,2,3,0.2548,35.3,0.4991,0.2252,0.2758,1.938,0.247,173,COAD
S0172,2024-06-21,57.9,4242,1,3,1,0.3225,81.3,0.7175,0.0822,0.2003,-0.42,0.075,128,LUAD
S0173,2024-06-22,53.0,4204,0,3,4,0.116,82.4,0.4847,0.4221,0.0933,0.087,1.343,347,COAD
S0174,2024-06-23,72.1,4111,1,3,4,0.2499,74.3,0.416,0.4022,0.1818,-0.233,0.527,203,COAD
S0175,2024-06-24,75.1,4223,1,3,4,0.2837,69.7,0.4743,0.3801,0.1455,-0.605,0.288,107,BRCA
S0176,2024-06-25,83.5,4146,0,2,4,0.401,77.4,0.2107,0.6905,0.0988,0.477,0.134,348,BRCA
S0177,2024-06-26,80.7,4156,0,1,1,0.4599,49.0,0.5413,0.2982,0.1605,-1.029,0.16,398,BRCA
S0178,2024-06-27,93.4,4250,0,1,4,0.1837,67.8,0.6096,0.366,0.0244,2.989,-0.753,288,BRCA
S0179,2024-06-28,68.5,4313,0,3,3,0.3026,35.0,0.4227,0.1753,0.4019,-2.051,-0.694,272,COAD
S0180,2024-06-29,67.2,4214,0,3,5,0.1381,56.2,0.3883,0.4138,0.1978,0.051,0.307,366,COAD
S0181,2024-06-30,53.7,4213,0,0,2,0.1103,61.9,0.4428,0.3709,0.1863,-0.85,-1.447,100,COAD
S0182,2024-07-01,60.2,4141,0,0,4,0.5934,68.3,0.7361,0.2249,0.0389,2.291,-0.773,59,BRCA
S0183,2024-07-02,57.5,4286,1,0,1,0.4824,84.1,0.6664,0.2126,0.121,0.557,-0.179,200,LUAD
S0184,2024-07-03,58.6,4203,0,0,3,0.2889,85.0,0.6031,0.0685,0.3284,-0.449,-0.35,20,LUAD
S0185,2024-07-04,71.5,4236,0,3,5,0.4462,68.8,0.4842,0.4159,0.0999,-1.111,-0.446,126,BRCA
S0186,2024-07-05,59.8,4162,0,2,1,0.2044,74.5,0.6386,0.1378,0.2236,0.715,-1.847,95,LUAD
S0187,2024-07-06,62.9,4173,0,0,2,0.1395,50.4,0.6068,0.1989,0.1943,3.683,0.834,337,LUAD
S0188,2024-07-07,57.6,4237,0,0,4,0.4308,43.2,0.3345,0.5622,0.1032,1.215,0.479,35,LUAD
S0189,2024-07-08,47.6,4217,0,2,3,0.2943,94.7,0.4502,0.2843,0.2655,0.115,0.568,247,LUAD
S0190,2024-07-09,55.8,4273,1,0,2,0.3366,70.9,0.5368,0.1694,0.2938,-0.194,1.924,311,BRCA
S0191,2024-07-10,59.9,4198,1,2,1,0.1598,71.3,0.3663,0.2167,0.4169,1.655,-0.915,122,BRCA
S0192,2024-07-11,48.9,4135,0,1,2,0.0664,97.6,0.3661,0.3507,0.2832,1.055,-0.224,368,LUAD
S0193,2024-07-12,61.0,4218,0,1,1,0.3859,48.4,0.9405,0.0399,0.0196,1.045,-1.802,65,BRCA
S0194,2024-07-13,47.5,4197,0,1,3,0.1964,59.7,0.3188,0.3978,0.2834,-2.542,1.074,310,LUAD
S0195,2024-07-14,63.8,4277,0,1,4,0.2242,76.9,0.4538,0.3647,0.1815,-1.459,0.94,291,COAD
S0196,2024-07-15,48.2,4275,1,2,3,0.3716,77.6,0.5339,0.4371,0.029,0.098,-1.834,286,COAD
S0197,2024-07-16,60.1,4104,1,0,1,0.5682,56.1,0.3779,0.2864,0.3357,-1.266,0.17,155,COAD
S0198,2024-07-17,49.7,4260,1,3,3,0.4885,76.3,0.5395,0.3506,0.11,-0.354,-0.006,290,LUAD
S0199,2024-07-18,63.7,4176,0,3,4,0.1654,86.8,0.5349,0.2524,0.2128,-1.5,0.227,214,BRCA
S0200,2024-07-19,62.5,4265,1,2,5,0.9999,87.4,0.2341,0.246,0.5198,0.631,-0.424,269,BRCA
S0201,2024-07-20,63.9,4208,1,2,2,0.6752,62.7,0.4234,0.37,0.2066,-0.929,-1.047,283,COAD
S0202,2024-07-21,37.9,4197,1,1,3,0.1759,54.0,0.7871,0.1519,0.061,1.878,-0.154,130,LUAD
S0203,2024-07-22,62.5,4270,0,2,1,0.1842,95.2,0.5663,0.1953,0.2383,1.491,0.001,279,LUAD
S0204,2024-07-23,72.4,4226,0,0,3,0.5126,77.9,0.3355,0.4182,0.2463,1.192,3.152,81,LUAD
S0205,2024-07-24,59.3,4070,0,2,1,0.2105,72.6,0.6065,0.3733,0.0202,1.082,-0.258,193,LUAD
S0206,2024-07-25,67.9,4290,1,1,3,0.1273,75.2,0.4706,0.0932,0.4362,3.513,3.318,312,LUAD
S0207,2024-07-26,61.8,4094,1,0,1,0.4354,93.8,0.5377,0.1672,0.2951,-0.829,-0.535,202,LUAD
S0208,2024-07-27,69.2,4214,0,1,4,0.4126,77.6,0.5996,0.2293,0.1711,0.911,-0.507,190,BRCA
S0209,2024-07-28,50.8,4062,0,1,2,0.3995,52.6,0.5218,0.1939,0.2843,-0.479,-0.4,315,COAD
S0210,2024-07-29,82.1,4196,1,0,2,0.0585,58.4,0.7745,0.1874,0.0381,-0.416,-1.094,297,BRCA
S0211,2024-07-30,46.9,4229,0,0,3,0.2566,79.3,0.7901,0.0499,0.16,0.747,0.108,172,COAD
S0212,2024-07-31,79.7,4182,1,2,5,0.1391,68.5,0.7729,0.128,0.0991,-0.295,-1.395,266,LUAD
S0213,2024-08-01,70.7,4139,1,1,1,0.305,70.6,0.6443,0.1815,0.1742,0.514,0.47,109,COAD
S0214,2024-08-02,47.0,4050,1,0,1,0.193,91.2,0.5237,0.2307,0.2456,-0.139,-0.049,18,BRCA
S0215,2024-08-03,67.4,4143,1,3,5,0.4884,80.8,0.5529,0.0834,0.3637,1.53,0.693,280,BRCA
S0216,2024-08-04,61.7,4142,0,2,1,0.1869,88.4,0.5462,0.2771,0.1768,-0.417,-0.352,330,COAD
S0217,2024-08-05,63.4,4240,1,0,1,0.41,79.1,0.4175,0.5568,0.0257,1.265,-0.294,4,BRCA
S0218,2024-08-06,25.8,4076,1,0,4,0.2868,57.2,0.1736,0.6377,0.1887,-1.1,0.296,49,COAD
S0219,2024-08-07,63.7,4213,1,2,2,0.1045,86.2,0.5668,0.2111,0.2221,-0.459,0.943,399,BRCA
S0220,2024-08-08,48.2,4173,0,1,2,0.0425,84.9,0.24,0.1502,0.6097,-0.848,-0.222,82,COAD
S0221,2024-08-09,50.7,4213,1,2,2,0.5936,60.6,0.1834,0.3413,0.4754,0.932,-1.487,154,COAD
S0222,2024-08-10,41.4,4209,1,0,3,0.322,88.5,0.4219,0.365,0.2131,-0.603,2.028,239,COAD
S0223,2024-08-11,59.7,4248,1,2,5,0.0495,83.2,0.5443,0.0264,0.4293,0.544,0.509,282,COAD
S0224,2024-08-12,58.8,4103,0,3,3,0.811,90.6,0.1495,0.2428,0.6077,1.35,-1.046,306,LUAD
S0225,2024-08-13,50.0,4185,1,3,1,0.0951,78.6,0.5597,0.167,0.2733,-0.577,0.041,27,LUAD
S0226,2024-08-14,62.9,4123,0,3,2,0.1941,76.4,0.2864,0.5949,0.1187,-2.529,-0.964,165,LUAD
S0227,2024-08-15,63.0,4223,1,0,3,0.5212,78.1,0.358,0.3556,0.2864,0.593,-0.001,355,COAD
S0228,2024-08-16,67.6,4259,0,2,1,0.1609,61.2,0.3963,0.289,0.3147,-0.005,-1.728,3,COAD
S0229,2024-08-17,52.0,4206,0,1,4,0.0437,74.2,0.3363,0.4129,0.2508,0.642,-1.031,28,BRCA
S0230,2024-08-18,48.7,4309,0,2,4,0.205,85.0,0.5116,0.4268,0.0616,0.427,-0.198,363,LUAD
S0231,2024-08-19,75.8,4158,1,0,4,0.0718,96.9,0.788,0.1278,0.0842,-1.737,0.145,37,COAD
S0232,2024-08-20,71.0,4317,0,2,4,0.1302,84.3,0.5377,0.231,0.2313,1.087,-0.477,319,BRCA
S0233,2024-08-21,55.9,4107,1,3,2,0.3573,60.3,0.4841,0.2516,0.2643,0.009,-0.136,211,COAD
S0234,2024-08-22,61.8,4138,1,0,3,0.3172,72.5,0.1825,0.7346,0.0829,1.877,-0.83,9,LUAD
S0235,2024-08-23,52.5,4316,0,1,4,0.4586,67.5,0.4384,0.3475,0.2141,-0.962,-0.5,141,BRCA
S0236,2024-08-24,64.4,4269,1,2,2,0.2199,67.6,0.6475,0.268,0.0845,1.95,-0.849,199,COAD
S0237,2024-08-25,61.2,4286,0,2,3,0.1064,68.2,0.6518,0.0949,0.2533,2.676,0.508,218,LUAD
S0238,2024-08-26,72.9,4191,1,0,2,0.1238,70.3,0.6931,0.1071,0.1997,-2.655,0.145,382,LUAD
S0239,2024-08-27,39.2,4304,0,0,4,0.207,52.0,0.6101,0.3665,0.0235,-2.15,-0.382,184,BRCA
S0240,2024-08-28,54.1,4304,1,0,2,0.3508,61.4,0.5061,0.3211,0.1728,3.219,0.296,360,COAD
S0241,2024-08-29,68.3,4354,0,0,1,0.124,88.2,0.6586,0.183,0.1583,1.184,1.439,67,BRCA
S0242,2024-08-30,64.5,4080,0,1,4,0.1624,68.8,0.2677,0.63,0.1023,-2.69,-0.897,31,COAD
S0243,2024-08-31,58.0,4135,1,1,2,0.2272,98.7,0.5259,0.2971,0.177,-0.32,-0.23,352,BRCA
S0244,2024-09-01,46.6,4082,0,1,3,0.5281,70.8,0.5144,0.2912,0.1944,2.065,0.498,340,LUAD
S0245,2024-09-02,75.8,4138,1,2,5,0.244,83.2,0.4617,0.4352,0.1031,0.774,-0.016,14,LUAD
S0246,2024-09-03,61.7,4178,1,0,4,0.2383,92.8,0.2236,0.5549,0.2215,-0.009,-2.072,229,LUAD
S0247,2024-09-04,63.0,4232,0,1,4,0.4551,75.4,0.5233,0.1684,0.3083,0.066,-2.085,84,COAD
S0248,2024-09-05,62.8,4254,0,3,5,0.0446,75.0,0.4125,0.3986,0.1889,2.418,-1.52,92,COAD
S0249,2024-09-06,31.0,4233,0,2,3,0.6444,49.6,0.8249,0.1292,0.0459,-1.894,1.967,75,COAD
S0250,2024-09-07,60.8,4121,1,0,5,0.2798,63.7,0.4643,0.3172,0.2185,-1.103,1.352,152,BRCA
S0251,2024-09-08,66.6,4109,1,0,1,0.1879,84.6,0.6111,0.2502,0.1386,1.585,-1.105,24,LUAD
S0252,2024-09-09,63.1,4210,1,0,1,0.5226,79.6,0.6256,0.238,0.1364,-2.433,-1.043,30,LUAD
S0253,2024-09-10,75.6,4235,1,2,5,0.5699,93.4,0.3705,0.5317,0.0978,-1.291,1.283,379,BRCA
S0254,2024-09-11,72.8,4245,1,1,3,0.3236,86.1,0.5583,0.2283,0.2133,0.025,0.888,39,BRCA
S0255,2024-09-12,47.7,4267,1,3,5,0.2274,47.4,0.351,0.4878,0.1612,-1.01,1.115,334,COAD
S0256,2024-09-13,68.0,4252,1,0,4,0.3525,76.9,0.7022,0.1104,0.1873,-1.056,-2.204,400,COAD
S0257,2024-09-14,74.6,4139,0,1,2,0.8027,80.0,0.0794,0.5577,0.3629,1.966,-0.085,182,LUAD
S0258,2024-09-15,61.2,4281,1,1,3,0.3455,70.8,0.6717,0.1587,0.1695,0.376,1.48,120,LUAD
S0259,2024-09-16,60.3,4233,0,1,5,0.0706,87.4,0.3975,0.352,0.2505,-0.179,0.398,137,COAD
S0260,2024-09-17,69.7,4253,0,2,3,0.1982,75.5,0.7029,0.2625,0.0345,-0.692,-0.586,284,LUAD
S0261,2024-09-18,47.1,4307,0,2,3,0.3586,44.4,0.3796,0.5549,0.0655,1.611,1.937,242,BRCA
S0262,2024-09-19,39.6,4220,0,1,5,0.2124,91.2,0.6311,0.2447,0.1242,3.635,-0.485,97,BRCA
S0263,2024-09-20,62.0,4282,0,1,3,0.2417,79.3,0.316,0.5025,0.1815,-1.437,0.029,103,BRCA
S0264,2024-09-21,39.8,4132,1,2,5,0.1173,60.3,0.4803,0.4783,0.0414,-0.08,-0.041,85,LUAD
S0265,2024-09-22,57.7,4310,0,1,4,0.2685,78.4,0.4019,0.28,0.3181,1.852,-0.028,257,LUAD
S0266,2024-09-23,37.7,4294,0,1,1,0.4434,85.0,0.6159,0.1106,0.2734,1.373,0.012,80,COAD
S0267,2024-09-24,68.7,4353,1,3,3,0.3587,56.1,0.1832,0.5097,0.3071,1.601,-0.131,194,LUAD
S0268,2024-09-25,47.1,4313,0,1,2,0.5255,73.1,0.7116,0.1313,0.1571,1.772,-0.524,93,COAD
S0269,2024-09-26,29.0,4227,0,2,1,0.3084,79.6,0.6526,0.1766,0.1707,-2.302,-1.209,57,LUAD
S0270,2024-09-27,55.2,4243,1,3,4,0.1063,66.4,0.7385,0.0941,0.1674,-1.078,-0.908,110,BRCA
S0271,2024-09-28,40.0,4253,0,3,3,0.3134,70.4,0.3256,0.4655,0.2089,2.023,0.311,133,COAD
S0272,2024-09-29,58.4,4184,1,1,3,0.3247,69.6,0.7734,0.1511,0.0755,1.412,1.152,277,LUAD
S0273,2024-09-30,51.7,4230,0,3,2,0.1826,74.2,0.4839,0.141,0.3751,-1.919,-0.073,262,COAD
S0274,2024-10-01,52.1,4139,1,1,2,0.4218,89.9,0.4098,0.2641,0.3261,0.322,-0.524,15,COAD
S0275,2024-10-02,52.1,4212,1,1,3,0.1199,49.1,0.276,0.5321,0.1919,-0.079,1.343,313,BRCA
S0276,2024-10-03,81.5,4300,1,2,3,0.0844,64.1,0.5286,0.2973,0.1741,-0.6,-0.061,324,BRCA
S0277,2024-10-04,60.3,4197,0,1,5,0.2824,47.9,0.5703,0.1908,0.2389,-2.253,0.645,235,BRCA
S0278,2024-10-05,50.7,4241,0,2,4,0.3141,68.8,0.6128,0.1414,0.2458,0.482,1.589,364,BRCA
S0279,2024-10-06,61.4,4197,1,2,1,0.3828,75.8,0.6083,0.3035,0.0882,1.189,-0.302,389,BRCA
S0280,2024-10-07,56.9,4210,1,3,2,0.5462,74.2,0.3185,0.4788,0.2026,-0.712,-0.185,251,LUAD
S0281,2024-10-08,68.1,4201,1,2,5,0.4815,45.7,0.3913,0.4078,0.201,1.361,-0.803,296,BRCA
S0282,2024-10-09,68.9,4221,0,3,4,0.2439,83.4,0.3867,0.5012,0.112,0.703,2.296,131,COAD
S0283,2024-10-10,62.6,4234,1,1,1,0.0518,74.4,0.7336,0.1627,0.1037,1.698,-0.222,174,BRCA
S0284,2024-10-11,47.0,4217,1,0,2,0.059,61.7,0.4517,0.4828,0.0656,-0.599,1.397,114,COAD
S0285,2024-10-12,43.6,4228,1,2,3,0.4839,59.0,0.1445,0.4888,0.3668,-1.65,0.174,397,COAD
S0286,2024-10-13,55.3,4150,1,2,1,0.1961,87.5,0.391,0.2746,0.3344,-0.324,-2.069,8,BRCA
S0287,2024-10-14,61.5,4284,0,2,3,0.3277,81.7,0.2698,0.6302,0.1,-0.011,-0.696,252,COAD
S0288,2024-10-15,62.3,4215,1,1,4,0.0806,79.6,0.4482,0.1916,0.3602,0.21,-0.665,276,COAD
S0289,2024-10-16,82.7,4174,1,1,5,0.1377,72.3,0.4935,0.2707,0.2358,0.923,-1.752,217,BRCA
S0290,2024-10-17,57.7,4172,1,2,2,0.2103,67.2,0.6938,0.1542,0.1521,-0.388,-0.391,326,COAD
S0291,2024-10-18,57.4,4203,0,1,2,0.4114,83.2,0.7366,0.1669,0.0966,-0.076,-0.16,223,LUAD
S0292,2024-10-19,54.0,4255,1,1,2,0.4729,67.9,0.538,0.1998,0.2622,-1.616,-0.45,318,COAD
S0293,2024-10-20,59.3,4209,1,0,5,0.3981,80.6,0.416,0.2983,0.2857,0.577,0.226,374,COAD
S0294,2024-10-21,70.0,4242,1,3,1,0.3568,71.1,0.9241,0.0317,0.0442,0.647,1.241,151,COAD
S0295,2024-10-22,74.0,4129,0,2,2,0.126,70.0,0.5084,0.277,0.2146,-1.021,-1.428,201,LUAD
S0296,2024-10-23,48.3,4089,0,2,3,0.0714,55.3,0.5197,0.3772,0.1031,-1.417,-0.272,233,COAD
S0297,2024-10-24,67.4,4221,1,0,5,0.0009,91.7,0.3843,0.2328,0.3829,1.659,-0.929,52,COAD
S0298,2024-10-25,66.9,4134,1,2,5,0.1337,87.6,0.3931,0.5312,0.0757,-2.332,0.157,83,BRCA
S0299,2024-10-26,49.7,4175,1,1,4,0.6011,59.4,0.7459,0.1163,0.1378,0.418,-0.963,136,COAD
S0300,2024-10-27,61.1,4185,1,3,3,0.5477,74.9,0.677,0.2847,0.0383,-0.641,0.726,187,UNKNOWN
S0301,2024-10-28,67.4,4139,1,2,4,0.3969,69.0,0.4228,0.4442,0.1331,1.85,-0.542,392,COAD
S0302,2024-10-29,51.3,4205,1,1,2,0.3442,19.9,0.6394,0.1619,0.1987,0.989,-0.369,210,LUAD
S0303,2024-10-30,65.1,4110,0,1,1,0.3051,97.5,0.6734,0.2676,0.059,-0.299,2.085,270,LUAD
S0304,2024-10-31,80.2,4116,1,0,2,0.1727,81.7,0.6695,0.3076,0.0229,-1.865,0.979,255,COAD
S0305,2024-11-01,56.8,4171,1,0,4,0.0489,36.4,0.3747,0.4215,0.2038,0.269,0.305,147,BRCA
S0306,2024-11-02,50.9,4289,0,1,5,0.0846,92.1,0.5713,0.3527,0.076,-1.055,0.421,278,COAD
S0307,2024-11-03,64.9,4346,1,2,1,0.0036,51.9,0.3631,0.2169,0.42,1.182,0.314,325,COAD
S0308,2024-11-04,54.1,4214,1,0,3,0.383,92.4,0.623,0.3124,0.0645,-0.45,-0.438,127,COAD
S0309,2024-11-05,65.6,4188,1,2,2,0.3928,31.8,0.404,0.1908,0.4052,1.482,1.125,86,BRCA
S0310,2024-11-06,53.3,4331,1,0,4,0.3287,86.9,0.6717,0.0325,0.2958,-1.817,1.129,294,LUAD
S0311,2024-11-07,68.0,4263,0,2,3,0.0158,72.3,0.3198,0.4638,0.2164,0.644,-0.928,185,COAD
S0312,2024-11-08,63.7,4244,1,2,4,0.1549,65.2,0.8389,0.1157,0.0454,-0.104,-1.518,221,BRCA
S0313,2024-11-09,50.1,4256,1,0,4,0.5807,65.6,0.4608,0.2219,0.3173,-1.184,-0.308,323,BRCA
S0314,2024-11-10,61.4,4209,1,3,1,0.0597,88.2,0.552,0.1971,0.2509,0.549,0.215,98,COAD
S0315,2024-11-11,61.0,4198,0,3,5,0.4064,66.0,0.5654,0.2514,0.1832,-0.053,-0.539,47,COAD
S0316,2024-11-12,62.9,4248,0,2,4,0.458,70.9,0.2219,0.4609,0.3172,0.731,0.464,123,LUAD
S0317,2024-11-13,45.2,4268,1,1,5,0.4565,94.8,0.3831,0.4049,0.212,-0.444,1.581,61,COAD
S0318,2024-11-14,66.2,4264,0,0,1,0.1587,91.3,0.6242,0.1043,0.2715,-0.055,-1.437,256,LUAD
S0319,2024-11-15,72.0,4194,0,0,5,0.1281,51.4,0.6882,0.2276,0.0842,-0.937,1.17,124,COAD
S0320,2024-11-16,46.5,4178,0,3,5,0.2429,67.6,0.3802,0.4636,0.1562,0.196,0.202,267,BRCA
S0321,2024-11-17,67.1,4207,1,1,3,0.5529,84.3,0.3479,0.2252,0.4269,-1.209,-0.83,58,LUAD
S0322,2024-11-18,58.3,4200,0,2,5,0.5115,80.3,0.2346,0.5441,0.2213,-1.637,-0.02,230,LUAD
S0323,2024-11-19,57.9,4236,1,1,5,0.1733,42.5,0.7553,0.1374,0.1073,-3.529,0.051,339,LUAD
S0324,2024-11-20,72.4,4225,1,0,3,0.1817,81.7,0.6828,0.243,0.0742,-1.268,0.344,367,LUAD
S0325,2024-11-21,59.0,4299,0,2,3,0.4562,90.3,0.3838,0.4258,0.1905,1.433,-0.34,180,LUAD
S0326,2024-11-22,68.8,4285,0,1,2,0.115,79.4,0.2845,0.3203,0.3951,1.453,0.624,384,COAD
S0327,2024-11-23,74.7,4119,0,0,1,0.3756,60.1,0.5277,0.0632,0.4091,1.861,-0.347,253,BRCA
S0328,2024-11-24,64.2,4123,0,3,2,0.3051,80.3,0.464,0.1754,0.3606,0.54,-1.347,207,LUAD
S0329,2024-11-25,56.5,4219,1,3,3,0.3943,87.2,0.5972,0.1956,0.2072,2.324,0.753,373,LUAD
S0330,2024-11-26,58.8,4272,0,0,3,0.1362,28.9,0.5475,0.2733,0.1792,-2.881,-1.445,45,COAD
S0331,2024-11-27,62.5,4241,0,2,1,0.3258,87.3,0.615,0.2314,0.1537,3.127,-1.119,329,LUAD
S0332,2024-11-28,93.0,4326,1,0,4,0.4088,87.8,0.5666,0.3996,0.0338,-1.207,1.547,209,LUAD
S0333,2024-11-29,42.0,4348,1,2,4,0.1505,61.2,0.6032,0.1286,0.2682,-1.136,-1.178,385,BRCA
S0334,2024-11-30,58.1,4240,1,1,1,0.1505,91.1,0.5708,0.091,0.3382,2.61,-0.238,94,COAD
S0335,2024-12-01,68.6,4319,0,3,1,0.3469,82.2,0.2141,0.49,0.296,0.41,-1.069,227,BRCA
S0336,2024-12-02,54.3,4201,0,3,5,0.1092,53.8,0.4513,0.3089,0.2398,-0.252,0.752,322,BRCA
S0337,2024-12-03,53.1,4288,0,2,4,0.2895,77.6,0.3711,0.5592,0.0696,2.204,-0.982,327,BRCA
S0338,2024-12-04,62.9,4129,1,0,5,0.3246,63.1,0.6416,0.0907,0.2677,1.972,-0.231,346,COAD
S0339,2024-12-05,73.0,4176,1,1,1,0.1777,52.5,0.2959,0.5783,0.1258,1.261,-1.197,192,BRCA
S0340,2024-12-06,45.9,4209,0,1,2,0.4291,83.1,0.5051,0.3117,0.1832,0.997,0.608,161,COAD
S0341,2024-12-07,62.0,4255,0,0,5,0.4006,64.1,0.6136,0.1904,0.196,-0.783,-0.28,376,LUAD
S0342,2024-12-08,56.3,4184,1,0,5,0.2851,48.5,0.5401,0.2371,0.2229,-0.131,-0.374,343,COAD
S0343,2024-12-09,69.7,4090,0,3,5,0.531,51.1,0.847,0.0868,0.0662,0.489,-0.118,51,BRCA
S0344,2024-12-10,75.4,4241,1,0,2,0.3534,73.7,0.6645,0.2924,0.0431,0.326,2.216,164,BRCA
S0345,2024-12-11,62.0,4235,1,2,1,0.2343,43.6,0.64,0.2075,0.1525,0.225,0.038,21,LUAD
S0346,2024-12-12,66.3,4129,0,2,3,0.4852,91.5,0.2143,0.2998,0.486,2.315,1.225,219,LUAD
S0347,2024-12-13,61.0,4113,0,1,3,0.3691,89.4,0.2098,0.0797,0.7105,-1.638,-1.177,335,BRCA
S0348,2024-12-14,67.4,4195,1,0,3,0.2668,38.0,0.4524,0.3314,0.2162,0.52,-2.425,341,COAD
S0349,2024-12-15,44.3,4097,0,0,3,0.2589,53.1,0.5555,0.2588,0.1857,0.337,-0.151,158,COAD
S0350,2024-12-16,64.7,4228,1,2,3,0.1627,86.0,0.3498,0.517,0.1332,2.206,-0.477,308,LUAD
S0351,2024-12-17,66.6,4279,0,2,1,0.3055,81.9,0.3932,0.163,0.4438,2.8,-2.038,289,BRCA
S0352,2024-12-18,59.0,4201,0,2,3,0.5045,76.6,0.3464,0.2364,0.4172,0.215,-0.113,26,COAD
S0353,2024-12-19,65.0,4263,0,0,1,0.2964,54.3,0.4766,0.4054,0.118,-1.687,-0.905,281,COAD
S0354,2024-12-20,61.9,4294,0,2,3,0.0952,78.7,0.4743,0.4855,0.0403,0.275,-1.387,386,LUAD
S0355,2024-12-21,65.9,4305,0,3,3,0.2359,73.3,0.5401,0.1989,0.261,0.845,0.172,186,BRCA
S0356,2024-12-22,43.5,4184,1,3,4,0.1806,82.4,0.8245,0.1293,0.0462,1.238,-0.06,76,COAD
S0357,2024-12-23,64.2,4098,0,0,2,0.3729,63.7,0.5943,0.3484,0.0574,-2.187,0.16,23,LUAD
S0358,2024-12-24,51.9,4186,0,0,1,0.1621,49.0,0.5645,0.1345,0.301,-0.431,-0.08,351,LUAD
S0359,2024-12-25,64.8,4271,0,2,5,0.0761,56.1,0.7286,0.2245,0.0469,-0.889,-0.96,393,BRCA
S0360,2024-12-26,50.2,4116,1,2,3,0.0534,52.2,0.1945,0.7561,0.0494,1.241,-1.494,332,LUAD
S0361,2024-12-27,69.6,4102,0,0,2,0.2732,78.5,0.484,0.4117,0.1042,-0.951,1.348,240,BRCA
S0362,2024-12-28,66.7,4241,1,0,4,0.1192,76.3,0.6345,0.274,0.0915,0.729,0.358,362,LUAD
S0363,2024-12-29,57.2,4199,1,0,3,0.148,78.4,0.3226,0.5013,0.1761,-1.469,0.398,336,BRCA
S0364,2024-12-30,72.9,4175,1,3,1,0.2385,77.5,0.6414,0.2104,0.1482,-2.381,-0.883,265,COAD
S0365,2024-12-31,44.6,4263,0,0,3,0.4034,86.1,0.5508,0.2517,0.1975,-0.518,-1.267,91,COAD
S0366,2025-01-01,59.8,4176,1,1,1,0.1104,69.9,0.4646,0.3795,0.1559,1.588,0.201,275,LUAD
S0367,2025-01-02,59.9,4205,0,2,4,0.2127,92.9,0.3328,0.1415,0.5256,-2.469,0.905,298,LUAD
S0368,2025-01-03,63.0,4199,1,2,1,0.1637,37.5,0.5881,0.2223,0.1896,-0.566,-0.634,245,COAD
S0369,2025-01-04,48.6,4116,0,3,1,0.0401,78.2,0.527,0.0566,0.4164,-1.63,-1.524,148,BRCA
S0370,2025-01-05,44.2,4162,1,0,3,0.3835,76.2,0.7295,0.1008,0.1698,-0.449,-0.517,44,LUAD
S0371,2025-01-06,72.5,4255,0,0,5,0.2656,87.2,0.5403,0.3274,0.1322,-1.154,-0.137,387,BRCA
S0372,2025-01-07,53.8,4273,0,2,5,0.2492,59.1,0.6579,0.2807,0.0614,-1.602,-0.825,13,LUAD
S0373,2025-01-08,69.1,4174,0,0,2,0.1755,81.6,0.5669,0.1391,0.294,-1.024,0.573,237,COAD
S0374,2025-01-09,68.2,4252,1,2,3,0.0762,90.7,0.4689,0.2373,0.2939,-1.061,-0.603,113,COAD
S0375,2025-01-10,59.7,4324,0,1,2,0.307,66.7,0.658,0.2862,0.0557,0.142,-0.111,377,COAD
S0376,2025-01-11,67.3,4095,0,0,2,0.4468,55.1,0.2956,0.2064,0.498,-1.713,2.666,189,COAD
S0377,2025-01-12,60.8,4262,1,1,5,0.327,37.0,0.5445,0.4236,0.0318,-0.622,0.793,356,LUAD
S0378,2025-01-13,55.8,4217,1,1,1,0.3782,54.1,0.765,0.1647,0.0703,-2.385,0.636,166,COAD
S0379,2025-01-14,62.1,4282,0,3,2,0.111,80.6,0.6848,0.1104,0.2049,0.558,-1.266,303,LUAD
S0380,2025-01-15,47.7,4178,0,1,4,0.0367,70.9,0.5382,0.2608,0.201,2.383,-1.805,134,COAD
S0381,2025-01-16,44.2,4226,0,2,2,0.3088,55.5,0.4396,0.3698,0.1906,0.187,-0.715,74,LUAD
S0382,2025-01-17,64.3,4145,1,0,2,0.3945,59.4,0.5256,0.3122,0.1622,0.076,1.184,176,BRCA
S0383,2025-01-18,47.1,4195,0,3,1,0.2938,95.1,0.4069,0.4804,0.1127,-1.596,-0.678,156,BRCA
S0384,2025-01-19,33.3,4221,0,0,3,0.2239,68.1,0.3262,0.2348,0.439,-0.795,-0.057,169,COAD
S0385,2025-01-20,68.2,4177,1,3,3,0.4504,69.7,0.6639,0.2712,0.0649,0.402,0.587,162,COAD
S0386,2025-01-21,83.4,4215,1,3,1,0.3492,64.1,0.3878,0.465,0.1472,1.335,0.64,196,LUAD
S0387,2025-01-22,52.7,4206,1,0,2,0.4335,55.2,0.4769,0.219,0.3041,1.364,-0.333,204,LUAD
S0388,2025-01-23,57.1,4254,0,0,4,0.0587,75.0,0.4014,0.3317,0.2669,1.566,-0.052,62,BRCA
S0389,2025-01-24,56.5,4219,1,3,3,0.3084,45.3,0.446,0.4837,0.0703,-2.068,0.752,359,LUAD
S0390,2025-01-25,56.5,4128,1,3,3,0.1545,50.5,0.5357,0.3861,0.0782,2.239,0.534,378,BRCA
S0391,2025-01-26,61.8,4156,1,3,2,0.2652,94.1,0.5007,0.3119,0.1874,-2.972,0.317,144,BRCA
S0392,2025-01-27,53.6,4269,1,1,3,0.401,72.9,0.6427,0.1735,0.1838,-3.53,-0.229,102,BRCA
S0393,2025-01-28,69.0,4192,1,3,3,0.1469,91.8,0.577,0.2088,0.2142,0.09,1.272,77,COAD
S0394,2025-01-29,60.3,4262,0,3,5,0.252,83.6,0.3855,0.4067,0.2078,-1.135,-0.419,395,COAD
S0395,2025-01-30,86.0,4135,1,0,4,0.2831,79.5,0.4706,0.3912,0.1382,-1.56,1.025,231,COAD
S0396,2025-01-31,48.7,4276,0,1,4,0.4316,99.6,0.8316,0.0213,0.1471,-0.328,0.088,115,COAD
S0397,2025-02-01,51.7,4212,0,1,3,0.3581,86.4,0.4465,0.1404,0.4132,-1.086,-1.32,301,LUAD
S0398,2025-02-02,63.3,4266,0,2,4,0.3457,88.9,0.3077,0.2239,0.4684,-0.436,1.32,396,COAD
S0399,2025-02-03,79.9,4197,1,3,2,0.2042,93.5,0.3341,0.2732,0.3926,-0.304,-0.461,157,LUAD
S9001,2024-01-01,46.5,4139,0,0,1,0.3647,61.1,0.5408,0.2767,0.1825,-1.808,-0.059,1,COAD
S9002,2024-01-02,66.3,4122,0,3,3,0.1454,60.5,0.3949,0.2672,0.3378,0.909,1.182,222,COAD
